INSERT OR IGNORE INTO repositorio_projeto (id, nome, ativo) VALUES
	(1, 'TCCE 1/2018', 1),
	(2, 'TCCE 1/2020', 1),
	(3, 'TCCE 2/2020', 1),
	(4, 'TCCE 1/2022', 1);



INSERT OR IGNORE INTO repositorio_subprojeto (id, nome, ativo, projeto_id) VALUES
	(1, 'SUBPROJETO 1', 1, 4),
	(2, 'SUBPROJETO 5', 1, 4),
	(3, 'SUBPROJETO 6', 1, 4),
	(4, 'SUBPROJETO 8', 1, 4),
	(5, 'SUBPROJETO 9', 1, 4),
	(6, 'SUBPROJETO 10', 1, 4),
	(7, 'SUBPROJETO 20', 1, 4),
	(8, 'SUBPROJETO 25.10', 1, 4),
	(9, 'SUBPROJETO 18.10', 1, 4),
	(10, 'SUBPROJETO 22 (AÇÃO 4.20.1)', 1, 4),
	(11, 'SUBPROJETO 22 (AÇÃO 4.20.2)', 1, 4),
	(12, 'SUBPROJETO 22 (AÇÃO 4.20.3)', 1, 4),
	(13, 'SUBPROJETO 22 (AÇÃO 4.20.5)', 1, 4),
	(14, 'SUBPROJETO 3', 1, 4),
	(15, 'SUBPROJETO 12', 1, 4),
	(16, 'SUBPROJETO 13', 1, 4),
	(17, 'SUBPROJETO 14', 1, 4),
	(18, 'SUBPROJETO 15', 1, 4),
	(19, 'SUBPROJETO 17', 1, 4),
	(20, 'SUBPROJETO 19', 1, 4),
	(21, 'SUBPROJETO 21', 1, 4),
	(22, 'SUBPROJETO 25.2', 1, 4),
	(23, 'SUBPROJETO 25.3', 1, 4),
	(24, 'SUBPROJETO 25.4', 1, 4),
	(25, 'SUBPROJETO 25.5', 1, 4),
	(26, 'SUBPROJETO 25.6', 1, 4),
	(27, 'SUBPROJETO 25.7', 1, 4),
	(28, 'SUBPROJETO 25.8', 1, 4),
	(29, 'SUBPROJETO 25.9', 1, 4),
	(30, 'SUBPROJETO 25.11', 1, 4),
	(31, 'SUBPROJETO 25.12', 1, 4),
	(32, 'SUBPROJETO 25.13', 1, 4),
	(33, 'SUBPROJETO 2', 1, 1),
	(34, 'SUBPROJETO 3', 1, 1),
	(35, 'SUBPROJETO 4.1', 1, 1),
	(36, 'SUBPROJETO 4.2', 1, 1),
	(37, 'SUBPROJETO 4.3', 1, 1),
	(38, 'SUBPROJETO 4.4', 1, 1),
	(39, 'SUBPROJETO 4.5', 1, 1),
	(40, 'SUBPROJETO 5.1', 1, 1),
	(41, 'SUBPROJETO 5.2', 1, 1),
	(42, 'SUBPROJETO 5.3.1', 1, 1),
	(43, 'SUBPROJETO 5.3.2', 1, 1),
	(44, 'SUBPROJETO 6', 1, 1),
	(45, 'SUBPROJETO 7', 1, 1),
	(46, 'SUBPROJETO 12', 1, 1),
	(47, 'SUBPROJETO 13', 1, 1),
	(48, 'SUBPROJETO 16', 1, 1),
	(49, 'SUBPROJETO 17.1', 1, 1),
	(50, 'SUBPROJETO 17.2', 1, 1),
	(51, 'SUBPROJETO 17.3', 1, 1),
	(52, 'SUBPROJETO 17.4', 1, 1),
	(53, 'SUBPROJETO 17.5', 1, 1),
	(54, 'SUBPROJETO 17.6', 1, 1),
	(55, 'SUBPROJETO 17.7', 1, 1),
	(56, 'SUBPROJETO 17.8', 1, 1),
	(57, 'SUBPROJETO 1', 1, 2),
	(58, 'SUBPROJETO 3', 1, 2),
	(59, 'SUBPROJETO 5', 1, 2),
	(60, 'SUBPROJETO 8', 1, 2),
	(61, 'SUBPROJETO 10', 1, 2),
	(62, 'SUBPROJETO 13', 1, 2),
	(63, 'SUBPROJETO 13.1', 1, 2),
	(64, 'SUBPROJETO 13.2', 1, 2),
	(65, 'SUBPROJETO 13.3', 1, 2),
	(66, 'SUBPROJETO 13.4', 1, 2),
	(67, 'SUBPROJETO 13.5', 1, 2),
	(68, 'SUBPROJETO 13.6', 1, 2),
	(69, 'SUBPROJETO 13.7', 1, 2),
	(70, 'SUBPROJETO 1', 1, 3),
	(71, 'SUBPROJETO 3', 1, 3),
	(72, 'SUBPROJETO 5', 1, 3),
	(73, 'SUBPROJETO 8', 1, 3),
	(74, 'SUBPROJETO 10', 1, 3),
	(75, 'SUBPROJETO 13', 1, 3),
	(76, 'SUBPROJETO 13.1', 1, 3),
	(77, 'SUBPROJETO 13.2', 1, 3),
	(78, 'SUBPROJETO 13.3', 1, 3),
	(79, 'SUBPROJETO 13.4', 1, 3),
	(80, 'SUBPROJETO 13.5', 1, 3),
	(81, 'SUBPROJETO 13.6', 1, 3),
	(82, 'SUBPROJETO 13.7', 1, 3);


INSERT OR IGNORE INTO repositorio_tipodocumento (id, nome, ativo) VALUES
	(1, 'LIVROS', 1),
	(2, 'VÍDEOS', 1),
	(3, 'RELATÓRIO TÉCNICO FINAL', 1),
	(4, 'DOCUMENTOS TÉCNICOS', 1),
	(5, 'PUBLICAÇÃO CIENTÍFICA (ARTIGOS)', 1),
	(6, 'PUBLICAÇÃO CIENTÍFICA (TRABALHOS ACADÊMICOS)', 1),
	(7, 'MATERIAL EDUCATIVO (CARTILHA)', 1),
	(8, 'MATERIAL EDUCATIVO (PÔSTER/FOLDER)', 1),
	(9, 'MATERIAL EDUCATIVO (OUTROS)', 1);


INSERT OR IGNORE INTO repositorio_autor (id, nome, lattes_id, ativo) VALUES
	(1, 'ADIVANE MORAIS NOGUEIRA', null, 1),
	(2, 'AMANDA MAIA DA SILVA', null, 1),
	(3, 'ADRIÁ BRAUN VIEIRA', null, 1),
	(4, 'ADRIANA MARIA COIMBRA HORBE', null, 1),
	(5, 'AFFONSO CELSO GONÇALVES JÚNIOR', null, 1),
	(6, 'MATHEUS ARTHUR LÚCIO DA ROCHA', null, 1),
	(7, 'AFONSO HENRIQUE KREMPNER DE SOUSA', null, 1),
	(8, 'AIDVANE MORAES NOGUEIRA', null, 1),
	(9, 'ALBERT DAVID DITCHFIEL', null, 1),
	(10, 'CAMILA ESTEFANY ALVES MOTA', null, 1),
	(11, 'ALEJANDRO OCEGUERA FIGUEROA', null, 1),
	(12, 'ALEXANDRE LOBO', null, 1),
	(13, 'ALICIA HELENA SOUZA RODRIGUES FERREIRA', null, 1),
	(14, 'ALLINE SOUZA PULCINI', null, 1),
	(15, 'ALLYSSON MOURA LUZ', null, 1),
	(16, 'AMANDA CECÍLIA NEUHAUSS AGUIAR', null, 1),
	(17, 'AMANDA JANAÍNA GONSATTI FEITOSA', null, 1),
	(18, 'ANA ANTUNES', null, 1),
	(19, 'KLEBER MAKOTO MISE', null, 1),
	(20, 'GILSON BURIGO GUIMARÃES', null, 1),
	(21, 'ANA BEATRIZ ALENCASTRE SANTOS', null, 1),
	(22, 'ANA CAMILA DA SILVA', null, 1),
	(23, 'ANA ELIZA MEDEIROS CÂNDIDO', null, 1),
	(24, 'ANA FLÁVIA LEÃO', null, 1),
	(25, 'ANA KAROLINA SANTOS SILVA', null, 1),
	(26, 'ANA MARIA LEAL ZANCHET', null, 1),
	(27, 'ANANDA ANDRADE CORDOVIL', null, 1),
	(28, 'ANDRÉ CARLOS SILVA', null, 1),
	(29, 'CLAUDIA COSTA BONECKER', null, 1),
	(30, 'ANDRÉ DE SOUZA AVELAR', null, 1),
	(31, 'ANDRÉ GOMIDE VASCONCELOS', null, 1),
	(32, 'ANDRÉ LUÍS BRASIL CAVALCANTE', null, 1),
	(33, 'ANDRÉ OLIVEIRA SAWAKUCHI', null, 1),
	(34, 'ANDRÉ SILVA TAVARES', null, 1),
	(35, 'IARA SIQUEIRA SANTOS SILVA', null, 1),
	(36, 'ENEIDA MARIA ESKINAZI-SANT''ANNA', null, 1),
	(37, 'CLAUDE LUIZ AGUILAR SANTOS', null, 1),
	(38, 'ANDRÉIA DE ALMEIDA', null, 1),
	(39, 'ANGELE MARTINS', null, 1),
	(40, 'ANNA CECILIA BATISTA MAIA', null, 1),
	(41, 'ANNA SABRINA VIDAL DE SOUZA', null, 1),
	(42, 'ANTONIEL FERNANDES', null, 1),
	(43, 'ANTÔNIO D. BRESCOVIT', null, 1),
	(44, 'ANTÔNIO WESLEY BARROS CAÇADOR', null, 1),
	(45, 'APARECIDA CLÉBIA DA SILVA', null, 1),
	(46, 'ARIANE DE SOUSA BRASIL', null, 1),
	(47, 'AUGUSTO SARREIRO AULER', null, 1),
	(48, 'ANTÔNIO CALAZANS REIS MIRANDA', null, 1),
	(49, 'BÁRBARA COSTA', null, 1),
	(50, 'BEATRIZ M. SANTOS', null, 1),
	(51, 'BEATRIZ MARCELINO DOS SANTOS', null, 1),
	(52, 'BENTO', null, 1),
	(53, 'BRENDA ALMEIDA LIMA', null, 1),
	(54, 'BRENDA K. GOMES ALMEIDA', null, 1),
	(55, 'BRUNA NASCIMENTO DE OLIVEIRA', null, 1),
	(56, 'BRUNO CAVALCANTE BELLINI', null, 1),
	(57, 'BRUNO DA SILVA BRANDÃO GONÇALVES', null, 1),
	(58, 'BRUNO E.TÁVORA', null, 1),
	(59, 'CAIO CAVALCANTE DA SOUZA MOTA', null, 1),
	(60, 'CAIO HENRIQUE ROCHA VASCONCELOS', null, 1),
	(61, 'CAMILA DE OLIVEIRA CASTRO', null, 1),
	(62, 'CAMILA S. OLIVEIRA', null, 1),
	(63, 'CAMILA VOGT DOS SANTOS', null, 1),
	(64, 'LINDSEY HELLMANN', null, 1),
	(65, 'CARLOS GLEIDSON CAMPOS DA PURIFICAÇÃO', null, 1),
	(66, 'CARLOS JOSÉ SOUSA PASSOS', null, 1),
	(67, 'CARLOS MARIO LÓPEZ OROZCO', null, 1),
	(68, 'NATHALIA MARIA STOPPA', null, 1),
	(69, 'CARLOS TADEU CARVALHO DO NASCIMENTO', null, 1),
	(70, 'CAROLINA TEIXEIRA PUPPIN GONÇALVES', null, 1),
	(71, 'CAROLINE FERREIRA', null, 1),
	(72, 'CAROLINE FERREIRA LIMA', null, 1),
	(73, 'MARCIANA LEANDRO DE LIMA', null, 1),
	(74, 'CECÍLIA YUKI GOMES DE SÁ', null, 1),
	(75, 'CELINE CECÍLIA ALEXANDRE DA SILVA', null, 1),
	(76, 'CÉSAR AUGUSTO MOREIRA', null, 1),
	(77, 'CESAR ULISSES VIEIRA VERISSIMO', null, 1),
	(78, 'CHRISSANDRO MARQUES DE ALMEIDA', null, 1),
	(79, 'CHRISTIANO FERREIRA', null, 1),
	(80, 'CÍCERO L. SILVA', null, 1),
	(81, 'CLEBER CUNHA FIGUEREDO', null, 1),
	(82, 'CLEUSA YOSHIKO NAGAMACHI', null, 1),
	(83, 'CLAUDIA REGINA SILVA', null, 1),
	(84, 'CRISTIANE MOURA', null, 1),
	(85, 'CRISTIANO FERNANDES FERREIRA', null, 1),
	(86, 'ALLAN SILAS CALUX', null, 1),
	(87, 'JOÃO MARCELO TEIXEIRA', null, 1),
	(88, 'LUCIANA DE RESENDE ALT', null, 1),
	(89, 'CRISTINA MARIA DE SOUZA MOTTA', null, 1),
	(90, 'VITOR MARCOS AGUIAR DE MOURA', null, 1),
	(91, 'CRISTOBAL CONDON', null, 1),
	(92, 'WILLIAM BRUNO DE SOUZA ALMEIDA', null, 1),
	(93, 'DAIANE F. MACIEL', null, 1),
	(94, 'TITO AURELIANO', null, 1),
	(95, 'DANDARA MARIA VITALINA DA SILVA CALDEIRA', null, 1),
	(96, 'ALINE MARCELE GHILARDI', null, 1),
	(97, 'DANIEL REIS MAIOLINO DE MENDONÇA', null, 1),
	(98, 'DANIEL DE STEFANO MENIN', null, 1),
	(99, 'DANIELA DE MELO', null, 1),
	(100, 'DANIELLE KATHARINE PETSCH', null, 1),
	(101, 'DANIELLE R. G. RIBEIRO BRASIL', null, 1),
	(102, 'DANILO OLIVEIRA RAMOS', null, 1),
	(103, 'DAPHNE HELOISA DE FREITAS MUNIZ', null, 1),
	(104, 'DARCY JOSÉ DOS SANTOS', null, 1),
	(105, 'DARRYL GRANGER', null, 1),
	(106, 'DAYANNE FERREIRA DOS SANTOS SIRQUEIRA', null, 1),
	(107, 'FLÁVIO SILVA RAMOS', null, 1),
	(108, 'DAYANA FERREIRA TORRES', null, 1),
	(109, 'DEBORA MARINA BANDEIRA', null, 1),
	(110, 'DENILSON MENDES DOS SANTOS', null, 1),
	(111, 'DERMEVAL APARECIDO DO CARMO', null, 1),
	(112, 'DIEGO DE MEDEIROS BENTO', null, 1),
	(113, 'DIEGO RODRIGUES', null, 1),
	(114, 'DOMINNYKES S. S. NEVES', null, 1),
	(115, 'DRIELLY SOUZA RODRIGUES', null, 1),
	(116, 'EDENILSON ROBERTO DO NASCIMENTO', null, 1),
	(117, 'THIAGO CORREIA DA SILVA', null, 1),
	(118, 'VÂNIA APARECIDA VICENTE', null, 1),
	(119, 'EDUARDA SILVA DE LIMA', null, 1),
	(120, 'ELAINE MALOSSO', null, 1),
	(121, 'ELIS R. FREIRE', null, 1),
	(122, 'EDISON ZEFA', null, 1),
	(123, 'EMILY OLIVEIRA FONSECA', null, 1),
	(124, 'ENRICO BERNARD', null, 1),
	(125, 'ÉRICA MARTINS DE OLIVEIRA', null, 1),
	(126, 'ERICK SABOIA', null, 1),
	(127, 'FRANCISCO WESLEY DA SILVA DE NOJOSA', null, 1),
	(128, 'FABIANA GISELE DA SILVA PINTO', null, 1),
	(129, 'FABIANO N. PUPIM', null, 1),
	(130, 'FABIANO PEREIRA SANTOS', null, 1),
	(131, 'FÁBIO ALEX CUSTÓDIO', null, 1),
	(132, 'FABRÍCIA C. M. MOTA', null, 1),
	(133, 'FELIPE BAIA RODRIGUES', null, 1),
	(134, 'FERNANDA ALEXANDRE SILVA', null, 1),
	(135, 'FERNANDA CARVALHO CALDEIRA', null, 1),
	(136, 'FERNANDA LANDIM', null, 1),
	(137, 'FERNANDO PACHECO RODRIGUES', null, 1),
	(138, 'FERNANDO VERASSANI LAUREANO', null, 1),
	(139, 'FREDERIC NGUYEN', null, 1),
	(140, 'GABRIEL AUGUSTO SILVA VAZ', null, 1),
	(141, 'GABRIEL LOURENÇO CARVALHO DE OLIVEIRA', null, 1),
	(142, 'GABRIEL LUCAS DE FREITAS COSTA', null, 1),
	(143, 'GABRIEL SANTOS DA SILVA', null, 1),
	(144, 'GABRIELA DUARTE', null, 1),
	(145, 'ANDRÉ MENEZES STRAUSS', null, 1),
	(146, 'GEOVANA DE OLIVEIRA DA SILVA', null, 1),
	(147, 'GILSON ARGOLO', null, 1),
	(148, 'GIOVANA GUTSTEIN GNATA', null, 1),
	(149, 'GIOVANNA MONTICELLI CARDOSO', null, 1),
	(150, 'GISELE CRISTINA SESSEGOLO', null, 1),
	(151, 'GISELE OLIVEIRA SILVA', null, 1),
	(152, 'GLEYCE DA SILVA MEDEIROS', null, 1),
	(153, 'GLEYCE KELLY DOS SANTOS MELO', null, 1),
	(154, 'GUILHERME CARVALHO PRADO', null, 1),
	(155, 'GUILHERME OLIVEIRA', null, 1),
	(156, 'GUILHERME ZAKAREWICZ DE AGUIAR', null, 1),
	(157, 'GUSTAVO GRACIOLLI', null, 1),
	(158, 'GUSTAVO LIMA URBIETA', null, 1),
	(159, 'HANS BALDER HAVENITH', null, 1),
	(160, 'HELENA SEIVANE', null, 1),
	(161, 'ELIANE NUNES CHIM', null, 1),
	(162, 'HENRIQUE MARINHO LEITE CHAVES', null, 1),
	(163, 'HERNAN MARTINEZ CARVAJAL', null, 1),
	(164, 'HARUAN STRAIOTO', null, 1),
	(165, 'HUANG', null, 1),
	(166, 'HUGO RODRIGUES DE ARAÚJO', null, 1),
	(167, 'IGOR CIZAUKAS', null, 1),
	(168, 'INSTITUTO BRASILEIRO DE DESENVOLVIMENTO', null, 1),
	(169, 'ISABELA RESENDE', null, 1),
	(170, 'PAULO HENRIQUE FERREIRA GALVÃO', null, 1),
	(171, 'ÍTALO MOREIRA MARTINS', null, 1),
	(172, 'LEDA ZOGBI', null, 1),
	(173, 'IVAN BRAGA CAMPOS', null, 1),
	(174, 'IVANKLIN SOARES CAMPOS FILHO', null, 1),
	(175, 'IVO KARMANN', null, 1),
	(176, 'JACKSON C. MEANS', null, 1),
	(177, 'RODRIGO ELIAS DE OLIVEIRA', null, 1),
	(178, 'JADSON DIOGO PEREIRA BEZERRA', null, 1),
	(179, 'JAMILY LORENA RAMOS DE LIMA', null, 1),
	(180, 'JAQUELINE APARECIDA DE OLIVEIRA', null, 1),
	(181, 'MANUEL DIMITRI DE ALIMEIDA GOMES', null, 1),
	(182, 'JARBAS JORGE DE ALCANTARA', null, 1),
	(183, 'JENNIFER B. DA SILVA', null, 1),
	(184, 'JEREMIE GARNIEW', null, 1),
	(185, 'JÉSSICA BARATA DA SILVA', null, 1),
	(186, 'JÉSSICA ROSSET', null, 1),
	(187, 'JÉSSICA RUSSEL', null, 1),
	(188, 'JÉSSICA S. GALLO', null, 1),
	(189, 'JESSICA SCAGLIONE GALLO', null, 1),
	(190, 'JÉSSICA SCAGLIONE GALLO', null, 1),
	(191, 'JIE DOU', null, 1),
	(192, 'JOÃO BRACCINI', null, 1),
	(193, 'JOÃO GABRIEL CAVALCANTE VIEIRA', null, 1),
	(194, 'JOÃO LUCAS VITORIO RIBEIRO CARVALHO', null, 1),
	(195, 'JOÃO PEDRO PINHEIRO FARIA', null, 1),
	(196, 'JOÃO PEDRO SANTIAGO GOULART', null, 1),
	(197, 'JOCY BRANDÃO CRUZ', null, 1),
	(198, 'VALDINEY AMARAL LEITE', null, 1),
	(199, 'BERNARDO MACHADO GONTIJO', null, 1),
	(200, 'JOENNY MARIA DA SILVEIRA DE LIMA', null, 1),
	(201, 'THAIRIK MATEUS SILVA MARQUES', null, 1),
	(202, 'JONAS EDUARDO GALLÃO', null, 1),
	(203, 'VITÓRIA ALVES', null, 1),
	(204, 'ÉDER BARBIER', null, 1),
	(205, 'JORDANE PIMENTEL NÓBREGA', null, 1),
	(206, 'JORGE DUARTE ROSÁRIO', null, 1),
	(207, 'JOSÉ AUGUSTO PIRES BITENCOURT', null, 1),
	(208, 'NEUCIR SZINWELSKI', null, 1),
	(209, 'JOSÉ CARLOS RIBEIRO REINO', null, 1),
	(210, 'JOSÉ ELOI GUIMARÃES CAMPOS', null, 1),
	(211, 'LUANA MARÇAL SORROCHE', null, 1),
	(212, 'JOSÉ FREDSON DA SILVA ALVES DOS PRAZERES', null, 1),
	(213, 'JOSÉ GUSTAVO DA SILVA NUNES', null, 1),
	(214, 'GABRIELA CRESTANA RABELLO', null, 1),
	(215, 'JOSÉ NUNES', null, 1),
	(216, 'ANDRÉ LUIZ HENRIQUES ESGUÍCERO', null, 1),
	(217, 'JOSÉ RASSO FELIX GUIMARÃES', null, 1),
	(218, 'JÚLIA BARBOSA GALO', null, 1),
	(219, 'JÚLIA DE OLIVEIRA FRANÇA', null, 1),
	(220, 'AMANDA MIRANDA MICELLI', null, 1),
	(221, 'JULIA RANDOW CAVALCANTI', null, 1),
	(222, 'JULIANA DEO DIAS', null, 1),
	(223, 'JULIO CESAR PIECZARKA', null, 1),
	(224, 'JÚLIO FERREIRA DA COSTA NETO', null, 1),
	(225, 'KALOYAN IVANOV', null, 1),
	(226, 'KAREM F.SOUSA', null, 1),
	(227, 'KARINA DIAS DA SILVA', null, 1),
	(228, 'KENNED DA SILVA SOUSA', null, 1),
	(229, 'KESLEY GADELHA FERREIRA', null, 1),
	(230, 'KHURRAM ASLAM', null, 1),
	(231, 'LAIS FURTADO OLICEIRA', null, 1),
	(232, 'LAYANNE O. FERRO', null, 1),
	(233, 'LEONARDO TORTORIELLO MESSIAS', null, 1),
	(234, 'LEANDRA PEIXOTO NOLASCO SELOS', null, 1),
	(235, 'LEANDRA ROSE PALHETA', null, 1),
	(236, 'LEILA APARECIDA SOUZA', null, 1),
	(237, 'LENIZE CALVÃO', null, 1),
	(238, 'LEO LINKE FERREIRA', null, 1),
	(239, 'LEONARDO CARREIRA TREVELIN', null, 1),
	(240, 'JUAN C. DÍAZ-SANDOVAL', null, 1),
	(241, 'LEONARDO CHAVES MENDES', null, 1),
	(242, 'LEONARDO FORTES VIEIRA', null, 1),
	(243, 'LEONARDO MENDES', null, 1),
	(244, 'LEONARDO SOUSA CARVALHO', null, 1),
	(245, 'LETÍCIA AMARAL CARDOS0', null, 1),
	(246, 'WALTER APARECIDO ARRUDA DE OLIVEIRA', null, 1),
	(247, 'LETÍCIA LIMA CORREIA', null, 1),
	(248, 'DANIELA CRISTINA FERREIRA', null, 1),
	(249, 'AMAZONAS CHAGAS JÚNIOR', null, 1),
	(250, 'LIGIER MODESTO BRAGA', null, 1),
	(251, 'LISANDRA  BENÍTEZ ÁLVAREZ', null, 1),
	(252, 'LOPES FERREIRA', null, 1),
	(253, 'PATRÍCIA VIEIRA TIGO', null, 1),
	(254, 'LORENA SOUZA MIRANDA', null, 1),
	(255, 'LOYRIANE MOURA SOUSA', null, 1),
	(256, 'VITOR DE OLIVEIRA LUNARDI', null, 1),
	(257, 'LUANA DE SOUZA', null, 1),
	(258, 'LUCAS GUIMARÃES DE SOUZA', null, 1),
	(259, 'LUCAS MENDES RABELO', null, 1),
	(260, 'LUCAS PADOAN DE SÁ GODINHO', null, 1),
	(261, 'LUCAS PEREIRA LEÃO', null, 1),
	(262, 'LUCIANA DE MENDOONÇA GALVÃO', null, 1),
	(263, 'LUCIANA LAIBE SANTOS SILVA', null, 1),
	(264, 'LUCIANO A. F. OLIVIERA FILHO', null, 1),
	(265, 'LUCIANO FARIA', null, 1),
	(266, 'LUCIANO JOSÉ ALVARENGA', null, 1),
	(267, 'LUCIANO SOARES DA CUNHA', null, 1),
	(268, 'LÚCIO MAURO DOARES FRAGA', null, 1),
	(269, 'LUCIO MAURO FRAGA', null, 1),
	(270, 'EDNA DE A. SILVA', null, 1),
	(271, 'SANDY DOS SANTOS NASCIMENTO', null, 1),
	(272, 'OLIANE M. C. MAGALHÃES', null, 1),
	(273, 'LUDMILLA MOURA DE SOUZA AGUIAR', null, 1),
	(274, 'LUIZ EDUARDO PANISSET TRAVASSOS', null, 1),
	(275, 'LUIZ F. SALEMI', null, 1),
	(276, 'LUIZ F.M. INIESTA', null, 1),
	(277, 'MAURO DE OLIVEIRA NETO', null, 1),
	(278, 'NEI ALVES GONDIM JÚNIOR', null, 1),
	(279, 'LUIZA SANTOS REIS', null, 1),
	(280, 'MAGALI G. GARCIA', null, 1),
	(281, 'MAIARA BEATRIZ M. SILVA', null, 1),
	(282, 'MAIARA BEATRIZ MENDES DA SILVA', null, 1),
	(283, 'MAIARA ZONIN', null, 1),
	(284, 'MANUELA FREIRA GALVÃO', null, 1),
	(285, 'MAOLINO', null, 1),
	(286, 'MARCELO TAYLOR DE LIMA', null, 1),
	(287, 'LUANA CRISTINA LOURENÇO GUIMARÃES', null, 1),
	(288, 'LUIS BEETHOVEN PILÓ', null, 1),
	(289, 'MARCONI SOUZA SILVA', null, 1),
	(290, 'MARCOS MOREIRA', null, 1),
	(291, 'MARCUS PAULO ALVES OLIVEIRA', null, 1),
	(292, 'MARIA CATARINA MEGUMI KASUYA', null, 1),
	(293, 'MARIA EDUARDA ALVES NUNES', null, 1),
	(294, 'MARIA ELINA BICHUETTE', null, 1),
	(295, 'MARIA FERNANDA TAVARES DE ARAÚJO', null, 1),
	(296, 'MARIA IDALETE LOPES SILVA', null, 1),
	(297, 'MARIA TAMARA C. FELIPE', null, 1),
	(298, 'MARIA RITA SOUZA FONSECA', null, 1),
	(299, 'MARINA VENDRAMINI RODRIGUES PEREIRA', null, 1),
	(300, 'MÁRIO B. B. SIQUEIRA', null, 1),
	(301, 'MARTA RIUTORT', null, 1),
	(302, 'MARTÍN CÁRDENAS SOTO', null, 1),
	(303, 'MATHEUS FERNANDES', null, 1),
	(304, 'MATHEUS HENRIQUE SIMÕES', null, 1),
	(305, 'MATHEUS SANTIAGO VIEIRA', null, 1),
	(306, 'MAURÍCIO CARLOS MARTINS DE ANDRADE', null, 1),
	(307, 'MAURO GOMES', null, 1),
	(308, 'MAYARA MARIA DE SOUZA', null, 1),
	(309, 'MAYARA MARINA DE SOUZA', null, 1),
	(310, 'MAYARA PEREIRA', null, 1),
	(311, 'MEDEIROS BENTO', null, 1),
	(312, 'MICHELINE CARVALHO SILVA', null, 1),
	(313, 'MILENA MELO DE  LIMA', null, 1),
	(314, 'NARJARA TÉRCIA PIMENTAL', null, 1),
	(315, 'NATHALIA KALUANA RODRIGUES DA COSTA', null, 1),
	(316, 'NATHAN SILVA', null, 1),
	(317, 'NELSON BAPTISTA DE O. R. COSTA', null, 1),
	(318, 'NELSON PADRON SANCHEZ', null, 1),
	(319, 'OLAVO AMANCIO DE OLIVEIRA', null, 1),
	(320, 'OLINTO LIPARINI PEREIRA', null, 1),
	(321, 'OLITNO LIPARINI PEREIRA', null, 1),
	(322, 'OLITON LIPARINI PEREIRA', null, 1),
	(323, 'OMAR HAMZA', null, 1),
	(324, 'ORIGILENE BEZERRA DANTAS', null, 1),
	(325, 'PAMELA SILVEIRA COSTA', null, 1),
	(326, 'PAMELLA MOURA', null, 1),
	(327, 'PAOLLA GABRYELLE CAVALCANTE DE SOUZA', null, 1),
	(328, 'PAULA CABRAL ETEROVICK', null, 1),
	(329, 'PAULO CÉSAR REIS VENÂNCIO', null, 1),
	(330, 'PAULO GALVÃO', null, 1),
	(331, 'PAULO DE MARCO JÚNIOR', null, 1),
	(332, 'PAULO DE OLIVEIRA', null, 1),
	(333, 'PAULO EDUARDO AGUIAR SARAIVA CÂMARA', null, 1),
	(334, 'PAULO EDUARDO DE OLIVEIRA', null, 1),
	(335, 'PAULO EDUARDO SANTOS LIMA', null, 1),
	(336, 'PAULO ENRIQUE CARDOSO PEIXOTO', null, 1),
	(337, 'PAULO HENRIQUE ROSADO ARENAS', null, 1),
	(338, 'PEDRO EDSON FACE MOURA', null, 1),
	(339, 'PEDRO GABRIEL LOPES DA SILVA', null, 1),
	(340, 'ISSAC DANIEL RUDNITKI', null, 1),
	(341, 'RAFAEL OLIVEIRA SILVA', null, 1),
	(342, 'PEDRO HENRIQUE ASSUNÇÃO', null, 1),
	(343, 'PEDRO HENRIQUE FÉLIX DE OLIVEIRA', null, 1),
	(344, 'PEDRO HENRIQUE MENDES CARVALHO', null, 1),
	(345, 'PEDRO RODRIGUES BUSANA', null, 1),
	(346, 'PEDRO T. S. NOGUEIRA', null, 1),
	(347, 'PRISCILA EMANUELA DE SOUZA', null, 1),
	(348, 'QIANG YAO', null, 1),
	(349, 'QIANGSHAN GAO', null, 1),
	(350, 'RAFAEL COSTA CARDOSO', null, 1),
	(351, 'RAFAEL DOS SANTOS SCHERER', null, 1),
	(352, 'RAFAEL SCHERER', null, 1),
	(353, 'RAFAELA ALVES DE LIRA', null, 1),
	(354, 'RAFAELA BASTOS PEREIRA', null, 1),
	(355, 'RAPHAELLE SILVA DE ALMEIDA', null, 1),
	(356, 'RAFAELA JEMELY RODRIGUES ALEXANDRE', null, 1),
	(357, 'RAMERSON LUCAS FERREIRA AZEVEDO', null, 1),
	(358, 'RAONI JAPIASSU MERISSE', null, 1),
	(359, 'RAPHAEL PARRA', null, 1),
	(360, 'RAQUEL FARIA SCALCO', null, 1),
	(361, 'REGIANNE KELLY MOREIRA DA SILVA', null, 1),
	(362, 'REJANE ENNES CICERELLI', null, 1),
	(363, 'RENAN DO NASCIMENTO BARBOSA', null, 1),
	(364, 'RENAN SMITH LOUZADA', null, 1),
	(365, 'RENATA SANTOS MOMOLI', null, 1),
	(366, 'RENATO F.F. FRANCO', null, 1),
	(367, 'RENATO PRADO', null, 1),
	(368, 'RIANDRA FREITAS VAREJÃO', null, 1),
	(369, 'RICARDO BORJA ARRIETA', null, 1),
	(370, 'EDENILSON ROBERTO DO NASCIMENTO', null, 1),
	(371, 'RICARDO GALENO FRAGA DE ARAÚJO PEREIRA', null, 1),
	(372, 'RODRIGO ANTÔNIO CASTRO SOUZA', null, 1),
	(373, 'RODRIGO CINTRA DA COSTA', null, 1),
	(374, 'RODRIGO LOPES FERREIRA', null, 1),
	(375, 'RODRIGO S. BOUZAN', null, 1),
	(376, 'ROGER FAGNER RIBEIRO MELLO', null, 1),
	(377, 'ROGÉRIO ELIAS SOARES UAGODA', null, 1),
	(378, 'ROGEW F. R. MELO', null, 1),
	(379, 'RONALD SLUYS', null, 1),
	(380, 'RONALDO LUIZ MINCATO', null, 1),
	(381, 'RUBSON PINHEIRO MAIA', null, 1),
	(382, 'SABRINA ALVES DA SILVA', null, 1),
	(383, 'SALU COELHO DA SILVA', null, 1),
	(384, 'SALVATORE MARTINO', null, 1),
	(385, 'SAMANTHA VALENTE DIAS', null, 1),
	(386, 'SAMILA NERES FARIAS DA SILVA', null, 1),
	(387, 'SANDRO RAPHAEL BORGES', null, 1),
	(388, 'SANTELMO VASCONCELOS', null, 1),
	(389, 'SELMA R. MAGGIOTTO', null, 1),
	(390, 'SERGIO KOIDE', null, 1),
	(391, 'SERGIO MAIA QUEIROZ LIMA', null, 1),
	(392, 'SÉRGIO MAIA QUEIROZ LIMA', null, 1),
	(393, 'SÉRIGO KOIDE.', null, 1),
	(394, 'SIMONE ALBINO PAES', null, 1),
	(395, 'SIMONE ALMEIDA PENA', null, 1),
	(396, 'SIMONE NUNES FONSECA', null, 1),
	(397, 'SORAYA DE CARVALHO NEVES', null, 1),
	(398, 'SOUZA SILVA', null, 1),
	(399, 'SUSANNE MACIEL', null, 1),
	(400, 'SUSTENTABILIDADE (IABS)', null, 1),
	(401, 'TARSILA CARVALHO DE JESUS', null, 1),
	(402, 'TÁSSIA RAYANE FERREIRA CHAGAS', null, 1),
	(403, 'TATIANE M. DA SILVA', null, 1),
	(404, 'THADEU SOBRAL SOUZA', null, 1),
	(405, 'THAÍS GIOVANNI PELEGRINI', null, 1),
	(406, 'THAMYRES OLIVEIRA DOS SANTOS', null, 1),
	(407, 'THAYSE CRISTINE MELO BENATHAR', null, 1),
	(408, 'CARLOS FREDERICO DE SOUZA LOTT', null, 1),
	(409, 'LUCIANO EMERICH FARIA', null, 1),
	(410, 'FÁBIO AZEVEDO KHALED ABDEL RAHMAN', null, 1),
	(411, 'THIAGO BERNARDI VIEIRA', null, 1),
	(412, 'THIAGO CARVALHO', null, 1),
	(413, 'THIAGO OLIVEIRA CONDÉ', null, 1),
	(414, 'TIAGO B.KISAKA', null, 1),
	(415, 'TIAGO CASTRO SILVA', null, 1),
	(416, 'TIAGO VILAÇA BASTOS', null, 1),
	(417, 'TOM DIAS MOTTA MORITA', null, 1),
	(418, 'TONY VINÍCIUS MOREIRA SAMPAIO', null, 1),
	(419, 'ULISSES BRIGATTO ALBINO', null, 1),
	(420, 'ÚRSULA DE AZEVEDO RUCHKYS', null, 1),
	(421, 'VALERIA DA CUNHA TAVARES', null, 1),
	(422, 'VELIBOR SPALEVIC', null, 1),
	(423, 'VICTORIA BONFIM BARROS', null, 1),
	(424, 'VITOR GABRIEL PEREIRA JUNTA', null, 1),
	(425, 'VITORIA CRISTINA SANTIAGO ALVES', null, 1),
	(426, 'VITÓRIA ELIZ DOS SANTOS MELO', null, 1),
	(427, 'VITÓRIA SANTIAGO', null, 1),
	(428, 'WELITOM RODRIGUES BORGES', null, 1),
	(429, 'YAWAR HUSSAIN', null, 1),
	(430, 'ÉZIO LUIZ RUBBIOLI', null, 1),
	(431, 'FRANCISCO WILLIAN DA CRUZ JÚNIOR', null, 1),
	(432, 'ALEXANDRE BONESSO SAMPAIO', null, 1),
	(433, 'ZACARIAS TARGINO DE FREITAS NETO', null, 1),
	(434, 'YESENIA M. CARPIO DIAZ', null, 1),
	(435, 'ZENEIDE DAMIÃO DA SILVA', null, 1);


INSERT OR IGNORE INTO repositorio_areatematica (id, nome, ativo) VALUES
	(1, 'MEIO FÍSICO', 1),
	(2, 'MEIO BIÓTICO', 1),
	(3, 'OUTROS', 1);


INSERT OR IGNORE INTO repositorio_status (id, nome, ativo, is_public) VALUES
	(1, 'PUBLICADO', 1, 1),
	(2, 'PRODUZIDO', 1, 1);


INSERT OR IGNORE INTO repositorio_tipopublicacao (id, nome, ativo) VALUES
	(1, 'ARQUIVO PDF', 1),
	(2, 'OUTRO TIPO DE ARQUIVO', 1),
	(3, 'LINK WEB PAGE', 1),
	(4, 'LINK ARQUIVO', 1),
	(5, 'LINK VIDEO', 1);


INSERT OR IGNORE INTO repositorio_tag (id, nome, ativo) VALUES
	(1, 'ABRIGO CAVERNÍCOLA', 1),
	(2, 'ACERVO', 1),
	(3, 'ÁGUAS SUBTERRÂNEAS', 1),
	(4, 'ALGORITIMO DE ZONAÇÃO', 1),
	(5, 'ALIMENTAÇÃO', 1),
	(6, 'ALÚVIO', 1),
	(7, 'AMAZÔNIA', 1),
	(8, 'AMAZÔNIA BRASILEIRA', 1),
	(9, 'AMBIENTE CAVERNÍCOLA', 1),
	(10, 'AMBIENTE SUBTERRÂNEO', 1),
	(11, 'AMEAÇAS', 1),
	(12, 'AMPHIPODA', 1),
	(13, 'ANÁLISE DE ATRIBUTOS', 1),
	(14, 'ANÁLISE ESPECTRAL', 1),
	(15, 'ANÁLISES', 1),
	(16, 'ANÁLISES FILOGENÉTICAS', 1),
	(17, 'ANFÍBIO', 1),
	(18, 'ANISOPTERA', 1),
	(19, 'ANTIMICROBIANOS', 1),
	(20, 'ANURO', 1),
	(21, 'APA NASCENTES DO RIO VERMELHO', 1),
	(22, 'APANRV', 1),
	(23, 'APERIODICIDADE', 1),
	(24, 'APLICAÇÃO BIOTECNOLOGICA', 1),
	(25, 'AQUÁTICO', 1),
	(26, 'AQUÍFERO', 1),
	(27, 'AQUÍFEROS CÁRSTICOS', 1),
	(28, 'ARACHNIDA', 1),
	(29, 'ARACNÍDEOS', 1),
	(30, 'ARCHNIDA', 1),
	(31, 'ÁREA CÁRSTICA', 1),
	(32, 'ÁREA DE PRESERVAÇÃO', 1),
	(33, 'ÁREAS CÁRSTICAS', 1),
	(34, 'ÁREAS CÁRSTICAS RESTAURADAS', 1),
	(35, 'ÁREAS PRIORITÁRIAS', 1),
	(36, 'ÁREAS PROTEGIDAS', 1),
	(37, 'ARQUEOLOGIA', 1),
	(38, 'ARRITIMIA', 1),
	(39, 'ARTHOPODA', 1),
	(40, 'ARTHROPODA', 1),
	(41, 'ARTROPHODA', 1),
	(42, 'ASCOMICETOS ASSEXUAIS', 1),
	(43, 'ASCOMYCOTA', 1),
	(44, 'ASPERGILLUS', 1),
	(45, 'ATIVIDA ANTIMICROBIANA', 1),
	(46, 'ATIVIDADE LOCOMOTORA', 1),
	(47, 'ATRIBUTOS GEORADAS', 1),
	(48, 'AVE', 1),
	(49, 'AVES', 1),
	(50, 'BACIA DO ALTO TAPAJÓS', 1),
	(51, 'BACIA DO RIO SÃO FRANCISCO', 1),
	(52, 'BACIA DO SÃO FRANCISCO', 1),
	(53, 'BACIA EXPERIMENTAL', 1),
	(54, 'BACIA HIDROGEOLÓGICA', 1),
	(55, 'BÁCIA SÃO FRANCISCO', 1),
	(56, 'BAHIA', 1),
	(57, 'BAT CAVES', 1),
	(58, 'BIOACÚSTICA', 1),
	(59, 'BIODIVERSDADE SUBTERRÂNEA', 1),
	(60, 'BIODIVERSIDADE', 1),
	(61, 'BIODIVERSIDADE SUBTERRÂNEA', 1),
	(62, 'BIODIVERSIDADE TROPICA', 1),
	(63, 'BIOFLORA', 1),
	(64, 'BIOGEOMORFOLOGIA', 1),
	(65, 'BIOINDICADORES', 1),
	(66, 'BIOLOGIA SUBTERRÂNEA', 1),
	(67, 'BIOMA CERRADO', 1),
	(68, 'BIOMAS', 1),
	(69, 'BIOTECNOLOGIA AMBIENTAL', 1),
	(70, 'BIOTECNOLOGIA FUNGICA', 1),
	(71, 'BOLETIM', 1),
	(72, 'BRASIL', 1),
	(73, 'BRIÓFITAS', 1),
	(74, 'C14', 1),
	(75, 'CAATINGA', 1),
	(76, 'CADASTRO', 1),
	(77, 'CANAÃ DOS CARAJÁS', 1),
	(78, 'CANGA', 1),
	(79, 'CANIE', 1),
	(80, 'CARACTERIZAÇÃO', 1),
	(81, 'CARAJÁS', 1),
	(82, 'CARBONÁTICA', 1),
	(83, 'CARBONATOS CONTINENTAIS', 1),
	(84, 'CARGA HIDRÁULICA', 1),
	(85, 'CARIÓTIPO', 1),
	(86, 'CARJÁS', 1),
	(87, 'CARST', 1),
	(88, 'CARSTE', 1),
	(89, 'CARSTE SILICISLÁSTICO', 1),
	(90, 'CARTILHA', 1),
	(91, 'CATEGORIAS IUCN', 1),
	(92, 'CAVERNA', 1),
	(93, 'CAVERNA TARIMBA', 1),
	(94, 'CAVERNA VADOSA', 1),
	(95, 'CAVERNAS', 1),
	(96, 'CAVERNAS FERRÍFERA', 1),
	(97, 'CAVIDADE NATURAL SUBTERRÂNEA', 1),
	(98, 'CAVIDADES NATURAIS', 1),
	(99, 'CENTRO-OESTE', 1),
	(100, 'CENTRUROIDINAE', 1),
	(101, 'CERRADO', 1),
	(102, 'CHELONIAN', 1),
	(103, 'CHILOPODA', 1),
	(104, 'CHIROPTERA', 1),
	(105, 'CHIROPTERA;FERRÍFERAS', 1),
	(106, 'CLPI', 1),
	(107, 'CNC', 1),
	(108, 'CO-OCORRÊNCIA', 1),
	(109, 'CÓDIGO DE BARRAS DE DNA', 1),
	(110, 'COLLEMBOLA', 1),
	(111, 'COLORIR', 1),
	(112, 'COLÚVIO', 1),
	(113, 'COMPARTIMENTOS', 1),
	(114, 'COMPOSIÇÃO', 1),
	(115, 'COMUNIDADE', 1),
	(116, 'COMUNIDADES', 1),
	(117, 'COMUNIDADES MICROBIANAS', 1),
	(118, 'CONDUTOS SUBTERRÂNEOS', 1),
	(119, 'CONECTIVIDADE CAVERNAS SOLO', 1),
	(120, 'CONFINAMENTO', 1),
	(121, 'CONGRESSO', 1),
	(122, 'CONGRESSO INTERNACIONAL', 1),
	(123, 'CONJUNTO DE PÓLEM', 1),
	(124, 'CONSERVAÇÃO', 1),
	(125, 'CONSERVAÇÃO DA FAUNA SUBTERRÂNEA', 1),
	(126, 'CONSERVAÇÃO DE MORCEGOS', 1),
	(127, 'CONSERVAÇÃO DO SOLO', 1),
	(128, 'CONTAMINAÇÃO', 1),
	(129, 'CORAL', 1),
	(130, 'CORROSÃO BIOGÊNICA', 1),
	(131, 'COX 1', 1),
	(132, 'CRINOCHETA', 1),
	(133, 'CRONOBIOLOGIA', 1),
	(134, 'CRUSTACEAE', 1),
	(135, 'CRUSTÁCEOS SUBTERRÂNEOS', 1),
	(136, 'DELIMITAÇÃO DE ESPÉCIE', 1),
	(137, 'DELIMITAÇÃO DE LINHAGEM', 1),
	(138, 'DELIMITAÇÃO DE LINHAGENS', 1),
	(139, 'DELIZAMENTO DE TERRA', 1),
	(140, 'DELIZAMENTO DE TERRA EM SOBRADINHO', 1),
	(141, 'DEM', 1),
	(142, 'DENSIDADE', 1),
	(143, 'DEPOSIÇÃO DE SEDIMENTO', 1),
	(144, 'DEPÓSITOS FLUVIAIS', 1),
	(145, 'DEPÓSITOS SEDIMENTARES', 1),
	(146, 'DEPRESSÃO FECHADA', 1),
	(147, 'DESNUDAÇÃO NATURAL', 1),
	(148, 'DETECÇÃO DE FEIÇÕES', 1),
	(149, 'DIAFNOSES', 1),
	(150, 'DIPOLO-DIPOLO', 1),
	(151, 'DÍPTERAS ECTOPARASITAS', 1),
	(152, 'DISPERSÃO', 1),
	(153, 'DISTRIBUIÇÃO', 1),
	(154, 'DISTRIBUIÇÃO POTENCIAL DE ESPÉCIES', 1),
	(155, 'DISTRITO FEDERAL', 1),
	(156, 'DIVERSIDADE', 1),
	(157, 'DIVERSIDADE MICROBIANA', 1),
	(158, 'DOLINA', 1),
	(159, 'DOLINAS', 1),
	(160, 'DOMINÍNIOS GEOMORFOLÓGICO', 1),
	(161, 'ECOLOGIA', 1),
	(162, 'ECOLOGIA DE PAISAGEM', 1),
	(163, 'ECOSSISTEMA', 1),
	(164, 'ECOSSISTEMAS SUBTERRÂNEOS', 1),
	(165, 'EDIAL', 1),
	(166, 'EDITAL', 1),
	(167, 'EDITAL FERRUGINOSAS', 1),
	(168, 'EDTAL', 1),
	(169, 'EDUCAÇÃO AMBIENTAL', 1),
	(170, 'EDUCOMUNICAÇÃO', 1),
	(171, 'ELETRORRESISTIVIDADE', 1),
	(172, 'ENCONTRO', 1),
	(173, 'ENCOSTA', 1),
	(174, 'ENDECOUS', 1),
	(175, 'ENDEMISMO', 1),
	(176, 'ENDURO', 1),
	(177, 'ENRIQUECIMENTO DE FINOS', 1),
	(178, 'ENSIFERA', 1),
	(179, 'ENVELOPE', 1),
	(180, 'ENZIMAS', 1),
	(181, 'EROSÃO', 1),
	(182, 'EROSÃO HÍDRICA', 1),
	(183, 'ERT', 1),
	(184, 'ESCALA ESPACIAL', 1),
	(185, 'ESCALA EVOLUTIVA', 1),
	(186, 'ESCALAS AMOSTRAIS', 1),
	(187, 'ESCOAMENTO', 1),
	(188, 'ESCOAMENTO SUPERFICIAL', 1),
	(189, 'ESCURIDÃO', 1),
	(190, 'ESPÉCIE CAVERNÍCOLA', 1),
	(191, 'ESPÉCIE TROGLÓBIA', 1),
	(192, 'ESPÉCIES AMEAÇADAS', 1),
	(193, 'ESPÉCIES CAVERNÍCOLA', 1),
	(194, 'ESPÉCIES CRÍPTICAS', 1),
	(195, 'ESPECTROGRAMA', 1),
	(196, 'ESPECTRORRADIOMETRIA', 1),
	(197, 'ESPELEOFAUNA', 1),
	(198, 'ESPELEOFOTOGRAFIA', 1),
	(199, 'ESPELEOGÊNES', 1),
	(200, 'ESPELEOGENESE', 1),
	(201, 'ESPELEOLOGIA', 1),
	(202, 'ESPELEOMICOLOGIA', 1),
	(203, 'ESPELEOTOPOGRAFIA', 1),
	(204, 'ESPELEOTURISMO', 1),
	(205, 'ESPELOMETRIA', 1),
	(206, 'ESPINHAÇO', 1),
	(207, 'ESTABILIDADE', 1),
	(208, 'ESTABILIDADE GEOTÉCNICA', 1),
	(209, 'ESTADO DE CONSERVAÇÃO', 1),
	(210, 'ESTASE MORFOLÓGICA', 1),
	(211, 'ESTIMADORES', 1),
	(212, 'ESTRATIGRAFICA', 1),
	(213, 'ESTRUTURA DA COMUNIDADE', 1),
	(214, 'ESTRUTURAÇÃO DE HABITAT', 1),
	(215, 'EVOLUÇÃO', 1),
	(216, 'EVOLUÇÃO MOLECULA', 1),
	(217, 'EXPLORAÇÃO', 1),
	(218, 'EXPOSIÇÃO', 1),
	(219, 'FACES SEDIMETARES', 1),
	(220, 'FÁCIES', 1),
	(221, 'FATOR AMBIENTAL', 1),
	(222, 'FAUNA CAVERNÍCOLA', 1),
	(223, 'FAUNA DE CAVERNAS', 1),
	(224, 'FAUNA SUBTERRÂNEA', 1),
	(225, 'FAZENDA ÁGUA LIMPA', 1),
	(226, 'FERRÍFERAS', 1),
	(227, 'FERRUGINOSAS', 1),
	(228, 'FERRUGIONOSAS', 1),
	(229, 'FERRUGNOSAS', 1),
	(230, 'FILOGENIA COMPARATIVA', 1),
	(231, 'FILOGENIA MOLECULAR', 1),
	(232, 'FILOGEOGRAFIA', 1),
	(233, 'FILOGEOGRAFIA COMPARATIVA', 1),
	(234, 'FILOGEOGRAFIA DE ESPÉCIES TROGLÓBIAS', 1),
	(235, 'FLORA CAVERNÍCOLA', 1),
	(236, 'FLORESTA AMAZÔNICA', 1),
	(237, 'FLORESTA TROPICAL', 1),
	(238, 'FLUVIOCARSTE', 1),
	(239, 'FLUVIOCÁRSTE', 1),
	(240, 'FLUXO', 1),
	(241, 'FLUXO REGIONAL', 1),
	(242, 'FLUXO SUBTERRÂNEO', 1),
	(243, 'FORMAÇÃO FERRÍFERA CARAJÁS', 1),
	(244, 'FORMAÇÃO JANDAÍRA', 1),
	(245, 'FORMAÇÃO TOMBADOR', 1),
	(246, 'FÓSSIL', 1),
	(247, 'FOTOGAMETRIA', 1),
	(248, 'FOTOGRAFIA', 1),
	(249, 'FRATURA', 1),
	(250, 'FRUGIVORIA', 1),
	(251, 'FUNGOS', 1),
	(252, 'FUNGOS ANEMÓFILOS', 1),
	(253, 'FUNGOS CAVERNÍCOLAS', 1),
	(254, 'FUNGOS EM CAVERNAS', 1),
	(255, 'FURNA FEIA', 1),
	(256, 'GAP ANALYSIS', 1),
	(257, 'GENÉTICA', 1),
	(258, 'GENÉTICA DA CONSERVAÇÃO', 1),
	(259, 'GEOCONSERVAÇÃO', 1),
	(260, 'GEOCRONOLOGIA', 1),
	(261, 'GEODIVERSIDADE', 1),
	(262, 'GEOECOLOGIA', 1),
	(263, 'GEOESPELEOLOGIA', 1),
	(264, 'GEOÉTICA', 1),
	(265, 'GEOFÍSICA', 1),
	(266, 'GEOMODELAGEM', 1),
	(267, 'GEOMORFOLOGIA', 1),
	(268, 'GEOMORFOLOGIA CÁRSTICA', 1),
	(269, 'GEOPATRIMÔNIO ESPELEOLÓGICO', 1),
	(270, 'GEOQUÍMICA', 1),
	(271, 'GEOQUÍMICA DA ROCHA', 1),
	(272, 'GERROMORPHA', 1),
	(273, 'GESTÃO', 1),
	(274, 'GESTÃO AMBIENTAL', 1),
	(275, 'GESTÃO DE RECURSOS HÍDRICOS', 1),
	(276, 'GIS', 1),
	(277, 'GODWANA', 1),
	(278, 'GPR', 1),
	(279, 'GRÁFICO', 1),
	(280, 'GRAVAÇÃO', 1),
	(281, 'GRUPOS HIDROLÓGICOS DE SOLOS', 1),
	(282, 'GUANO DE MORCEGO', 1),
	(283, 'GUANO DE MORCEGOS', 1),
	(284, 'GUILDA TRÓFICA', 1),
	(285, 'HABITAT', 1),
	(286, 'HABITAT FREÁTICO', 1),
	(287, 'HABITAT SUBTERRÂNEO SUPERFICIAL', 1),
	(288, 'HABITAT SUBTERRÂNEOS', 1),
	(289, 'HEMIPTERA', 1),
	(290, 'HEPÁTICA', 1),
	(291, 'HEPÁTICAS', 1),
	(292, 'HERPETOFAUNA', 1),
	(293, 'HETEROGENEIDADE DE HÁBITAR', 1),
	(294, 'HIDROLOGIA', 1),
	(295, 'HIDROLOGIA CÁRSTICA', 1),
	(296, 'HIDROLOGIA DE BACIA', 1),
	(297, 'HIPPOBOSCOIDEA', 1),
	(298, 'HISTERESE', 1),
	(299, 'HISTÓRIA', 1),
	(300, 'HOT CAVES', 1),
	(301, 'HVSR', 1),
	(302, 'ICTIOFAUNA SUBTERRÂNEA', 1),
	(303, 'IGARAPÉ', 1),
	(304, 'IGARAPÉS', 1),
	(305, 'ILUSTRATIVO', 1),
	(306, 'IMPACTO', 1),
	(307, 'IMPACTO ANTRÓPICO', 1),
	(308, 'IMPACTOS DA MINERAÇÃO', 1),
	(309, 'INDÍCES PARASITÁRIOS', 1),
	(310, 'INDÍGENA', 1),
	(311, 'INFORMAÇÕES', 1),
	(312, 'INSETO', 1),
	(313, 'INSETOS', 1),
	(314, 'INTERAÇÃO', 1),
	(315, 'INTERAÇÃO MORCEGO-PLANTA', 1),
	(316, 'INTERAÇÃO PARASITA-HOSPEDEIRO', 1),
	(317, 'INTERAÇÃO PREDADOR-PRESA', 1),
	(318, 'INTERPOLAÇÃO', 1),
	(319, 'INTERPRETAÇÃO DE IMAGENS', 1),
	(320, 'INVENTÁRIO', 1),
	(321, 'INVENTÁRIO FAUNÍSTICO', 1),
	(322, 'INVERTEBRADO', 1),
	(323, 'INVERTEBRADOS', 1),
	(324, 'IPHONE', 1),
	(325, 'ISOPODA', 1),
	(326, 'ISÓPODE TERRESTRE', 1),
	(327, 'ISÓPODES TERRESTRES', 1),
	(328, 'ISÓPODOS ANFÍBIOS', 1),
	(329, 'ISÓTOPOS', 1),
	(330, 'KINNAPOTIGUARA TROGLOBIA', 1),
	(331, 'LAGO PARANOÁ', 1),
	(332, 'LAJEDO', 1),
	(333, 'LEGISLAÇÃO', 1),
	(334, 'LEVANTAMENTO DA FLORA', 1),
	(335, 'LEVANTAMENTO DE CAMPO', 1),
	(336, 'LICÓFITAS', 1),
	(337, 'LIVRO', 1),
	(338, 'LUZES', 1),
	(339, 'MACIÇO ROCHOSOS', 1),
	(340, 'MACROINVERTEBRADOS', 1),
	(341, 'MAMBAÍ', 1),
	(342, 'MAMÍFERO', 1),
	(343, 'MAMÍFEROS', 1),
	(344, 'MAMÍFEROS VOADORES', 1),
	(345, 'MAMMALIA', 1),
	(346, 'MAPEAMENTO', 1),
	(347, 'MAPEAMENTO DO SOLO', 1),
	(348, 'MAPEAMENTO PEDOLÓGICO', 1),
	(349, 'MARCADORES MOLECULARES', 1),
	(350, 'MDE', 1),
	(351, 'MDT', 1),
	(352, 'MECANISMO', 1),
	(353, 'MEIO SUBTERRÂNEO SUPERFICIAL', 1),
	(354, 'MESOCAVIDADES', 1),
	(355, 'MESOGAMMARIDAE', 1),
	(356, 'META ANÁLISE', 1),
	(357, 'METABARCODIN', 1),
	(358, 'METABOLISMO DO FERRO', 1),
	(359, 'METABOLISMO FUNGICO', 1),
	(360, 'METAGENÔMICA', 1),
	(361, 'METAIS', 1),
	(362, 'METARENITOS', 1),
	(363, 'MÉTODO COP', 1),
	(364, 'MÉTODO DE EROSÃO POTENCIAL', 1),
	(365, 'METODOLOGIAS DE COLETA INDIRETA', 1),
	(366, 'MÉTODOS DE AMOSTRAGEM', 1),
	(367, 'MÉTODOS DIRETOS E INDIRETOS', 1),
	(368, 'MICOBIOTA', 1),
	(369, 'MICOLOGIA', 1),
	(370, 'MICROBIOLOGIA', 1),
	(371, 'MICROBIOMA DE CAVERNA', 1),
	(372, 'MICRORGANISMO', 1),
	(373, 'MINAS GERAIS', 1),
	(374, 'MINERAÇÃO SUSTENTÁVEL', 1),
	(375, 'MINERALOGIA', 1),
	(376, 'MODELAGEM', 1),
	(377, 'MODELAGEM DE DISTRIBUIÇÃO DE ESPÉCIES', 1),
	(378, 'MODELO DE DISTRIBUIÇÃO DE ESPÉCIES', 1),
	(379, 'MODELO DE NICHO ECOLÓGICO', 1),
	(380, 'MODIFICAÇÃO DE HABITAT', 1),
	(381, 'MONITORAMENTO ACÚSTICO PASSIVO', 1),
	(382, 'MONITORAMENTO DO FLUXO DE ÁGUA SUBTERRÂNEA', 1),
	(383, 'MONITORAMENTO SAZONAL', 1),
	(384, 'MORCEGO DE CAUDA CURTA', 1),
	(385, 'MORCEGOS', 1),
	(386, 'MOROFOLOGIA', 1),
	(387, 'MSS', 1),
	(388, 'MUDANÇA CLIMÁTICA', 1),
	(389, 'MUSEU', 1),
	(390, 'MUSGOS', 1),
	(391, 'MUTUALISMO', 1),
	(392, 'NÃO INVASIVAS', 1),
	(393, 'NASCENTE CÁRSTICA', 1),
	(394, 'NEOTROPICAIS', 1),
	(395, 'NEOTROPICAL', 1),
	(396, 'NETROPICAL', 1),
	(397, 'NORDESTE', 1),
	(398, 'NOVA ESPÉCIE', 1),
	(399, 'ODONATA', 1),
	(400, 'ONISCIDEA', 1),
	(401, 'ÓRGÃOS', 1),
	(402, 'OTIMIZAÇÃO DE ARRANJOS', 1),
	(403, 'PAISAGEM', 1),
	(404, 'PALEOAMBIENTAIS', 1),
	(405, 'PALEOAMBIENTE', 1),
	(406, 'PALEOBURROW', 1),
	(407, 'PALEOCLIMA', 1),
	(408, 'PALEOECOLOGIA', 1),
	(409, 'PALINOLOGIA', 1),
	(410, 'PALINOMORFO', 1),
	(411, 'PANGEIA', 1),
	(412, 'PARAUAPEBAS', 1),
	(413, 'PARCELAS DE ESCOAMENTO SUPERFICIAL', 1),
	(414, 'PASTAGEM', 1),
	(415, 'PATRIMÔNIO', 1),
	(416, 'PATRIMÔNIO CAVERNÍCOLA', 1),
	(417, 'PATRIMÔNIO ESPELEOLÓGICO', 1),
	(418, 'PEIXE', 1),
	(419, 'PEIXES FREATÓBIOS', 1),
	(420, 'PELEOVALE', 1),
	(421, 'PENICILLIUM', 1),
	(422, 'PEQUENOS MAMÍFEROS', 1),
	(423, 'PERDA DE SOLO', 1),
	(424, 'PERDAS DE SOLO E ÁGUA', 1),
	(425, 'PERFIL DE RESISTÊNCIA', 1),
	(426, 'PERFIL MICROBIANO', 1),
	(427, 'PERUAÇU', 1),
	(428, 'PESQUISA', 1),
	(429, 'PHYLLOSTOMIDAE', 1),
	(430, 'PHYLLOSTOMINAE', 1),
	(431, 'PIABA', 1),
	(432, 'PIABA BRANCA', 1),
	(433, 'PLANÁRIAS', 1),
	(434, 'PLÁSTICO', 1),
	(435, 'POÇO DE BOMBEAMENTO', 1),
	(436, 'POÇOS TUBULARES', 1),
	(437, 'POLÉM', 1),
	(438, 'PÓLEM', 1),
	(439, 'PONTOS DE VULNERABILIDADE', 1),
	(440, 'PONTOS FRACOS', 1),
	(441, 'POTENCIAL BIOTECNOLÓGICO', 1),
	(442, 'PRECIPITAÇÃO EXTREMA', 1),
	(443, 'PREDAÇÃO', 1),
	(444, 'PRIORIDADE DE CONSERVAÇÃO', 1),
	(445, 'PRIORITÁRIA', 1),
	(446, 'PRIORIZAÇÃO DA CONSERVAÇÃO', 1),
	(447, 'PRIORIZAÇÃO ESPACIAL', 1),
	(448, 'PRODUÇÃO DE SEDIMENTO', 1),
	(449, 'PRODUÇÃO E ENRIQUECIMENTO DE SEDIMENTOS', 1),
	(450, 'PROPRIEDADES DO SOLO', 1),
	(451, 'PROSPECÇÃO', 1),
	(452, 'PROVÍNCIA MINERALÓGICA DE CARAJÁS', 1),
	(453, 'QUADRILÁTERO FERRÍFERO', 1),
	(454, 'QUALIDADE DA ÁGUA', 1),
	(455, 'QUATERNÁRIO', 1),
	(456, 'QUELÔNIO', 1),
	(457, 'QUETOTAZIA', 1),
	(458, 'QUIMIOHETEROTROFIA', 1),
	(459, 'QUIROPTEROCORIA', 1),
	(460, 'RADIOCARBONO', 1),
	(461, 'RECONSTRUÇÃO', 1),
	(462, 'RECUPERAÇÃO', 1),
	(463, 'RECURSOS ORGÂNICOS', 1),
	(464, 'REEF', 1),
	(465, 'REFLECTOMETRIA', 1),
	(466, 'REFORMA', 1),
	(467, 'REGIÃO NEOTROPICAL', 1),
	(468, 'RELAÇÃO PARASITA-HOSPEDEIRO', 1),
	(469, 'RELÓGIO BIOLÓGICO', 1),
	(470, 'REOLOGIA', 1),
	(471, 'RÉPTIL', 1),
	(472, 'RESÍDUOS PLÁSTICOS', 1),
	(473, 'RESISTÊNCIA BACTERIANA', 1),
	(474, 'RESISTIVIDADE ELÉTRICA', 1),
	(475, 'RESITÂNCIA ANTIMICROBIANOS', 1),
	(476, 'RESPIRAÇÃO', 1),
	(477, 'RESTAURAÇÃ ECOLÓGICA', 1),
	(478, 'RESTAURAÇÃO', 1),
	(479, 'RESTAURAÇÃO ECOLÓGICA', 1),
	(480, 'REUNIÃO', 1),
	(481, 'REVISÃO', 1),
	(482, 'RIO GRANDE DO NORTE', 1),
	(483, 'RIQUESA', 1),
	(484, 'RIQUEZA', 1),
	(485, 'RIQUEZA DE ESPÉCIES', 1),
	(486, 'RITMO', 1),
	(487, 'RITMO CIRCADIANO', 1),
	(488, 'ROCHA FRATURADA', 1),
	(489, 'RUÍDO AMBIENTE RMS', 1),
	(490, 'RUÍDO SÍSMICO', 1),
	(491, 'SAMAMBAIAS', 1),
	(492, 'SBE', 1),
	(493, 'SBEQ', 1),
	(494, 'SDM', 1),
	(495, 'SEDIMENTAÇÃO', 1),
	(496, 'SEDIMENTO', 1),
	(497, 'SEDIMENTOLOGIA', 1),
	(498, 'SEMINÁRIO', 1),
	(499, 'SENSORES ORBITAIS', 1),
	(500, 'SENSORIAMENTO REMOTO', 1),
	(501, 'TAXONÔMIA', 1),
	(502, 'SERPERTES', 1),
	(503, 'SERRA DO SINCORÁ', 1),
	(504, 'SERVIÇOS ECOSSISTÊMICOS', 1),
	(505, 'SIG', 1),
	(506, 'SILICICLÁSTICO', 1),
	(507, 'SIMILARIDADE', 1),
	(508, 'SISTEMA DE ALERTA DE INUNDAÇÃO', 1),
	(509, 'SISTEMAS FERRUGINOSOS', 1),
	(510, 'SOFTWARE', 1),
	(511, 'SOLO', 1),
	(512, 'SOLO TROPICAL', 1),
	(513, 'SRS', 1),
	(514, 'STENODERMATINAE', 1),
	(515, 'STYGOBITIC', 1),
	(516, 'SUBAQUÁTICAS', 1),
	(517, 'SUBMARINAS', 1),
	(518, 'SUBTERRÂNEO', 1),
	(519, 'SUMIDOUROS', 1),
	(520, 'SUPERFÍCIE DE DESLIZAMENTO', 1),
	(521, 'SYNOCHETA', 1),
	(522, 'SÍTIOS ARQUEOLÓGICOS', 1),
	(523, 'TAFÔNOMIA', 1),
	(524, 'TATUZINHO-DE-JARDIM', 1),
	(525, 'TAXONOMIA', 1),
	(526, 'TAXONOMIA FUNGICA', 1),
	(527, 'TAXONOMIA INTEGRATIVA', 1),
	(528, 'TAXONOMIA PLATELMINTOS TROGLÓBIOS', 1),
	(529, 'TECNOLOGIA', 1),
	(530, 'TEORES TOTAIS DE METAIS', 1),
	(531, 'TERRA INDÍGENA', 1),
	(532, 'THEOBROMA CACAO', 1),
	(533, 'TOLERÂNCIA', 1),
	(534, 'TOPOGRAFIA', 1),
	(535, 'TRADICIONAIS', 1),
	(536, 'TRANSPORTE DE HILBERT', 1),
	(537, 'TRAÇADORES', 1),
	(538, 'TRAÇADORES CORANTES FLUORESCENTES', 1),
	(539, 'TRICLADIDA', 1),
	(540, 'TROGLOFAUNA', 1),
	(541, 'TROGLÓBIO', 1),
	(542, 'TROGLÓBIOS', 1),
	(543, 'TUFAS CALCÁREAS', 1),
	(544, 'TURBIDEZ', 1),
	(545, 'TÁXONS NOVOS', 1),
	(546, 'TÉCNICAS DIRETAS E INDIRETAS DE MAPEAMENTO', 1),
	(547, 'TÉCNICO', 1),
	(548, 'TÉRMICO', 1),
	(549, 'UAV', 1),
	(550, 'UFLA NATURALIST', 1),
	(551, 'UNIDADE DE CONSERVAÇÃO', 1),
	(552, 'UNIDADES DE CONSERVAÇÃO', 1),
	(553, 'USO DA TERRA', 1),
	(554, 'VALES', 1),
	(555, 'VALES CEGOS', 1),
	(556, 'VALES SECOS', 1),
	(557, 'VANT', 1),
	(558, 'VARIAÇÃO SAZONAL', 1),
	(559, 'VARIÁVEIS BIOCLIMÁTICAS', 1),
	(560, 'VERTEBRADO', 1),
	(561, 'VICARIÂNCIA', 1),
	(562, 'VISITANTE', 1),
	(563, 'VLF-EM', 1),
	(564, 'VLFEM', 1),
	(565, 'VOLUME 2', 1),
	(566, 'VOLUME 3', 1),
	(567, 'VOLUME 4', 1),
	(568, 'VOLUME 5', 1),
	(569, 'VOLUME 6', 1),
	(570, 'VOLUME 7', 1),
	(571, 'VULNERABILIDADE INTRÍNSECA', 1),
	(572, 'WALLACEANA', 1),
	(573, 'WOODLICE', 1),
	(574, 'ZONAÇÃO', 1),
	(575, 'ZOOPLANCTON', 1),
	(576, 'ZYGOPTERA', 1);



