INSERT INTO repositorio_projeto (id, nome, ativo) VALUES
	(1, 'TCCE 1/2018', 1),
	(2, 'TCCE 1/2020', 1),
	(3, 'TCCE 2/2020', 1),
	(4, 'TCCE 1/2022', 1);


INSERT INTO repositorio_subprojeto (id, ativo, projeto_id, nome) VALUES
	(1, 1, 3, 'SUBPROJETO 1'),
	(2, 1, 3, 'SUBPROJETO 3'),
	(3, 1, 3, 'SUBPROJETO 5'),
	(4, 1, 3, 'SUBPROJETO 8'),
	(5, 1, 3, 'SUBPROJETO 10'),
	(6, 1, 3, 'SUBPROJETO 13'),
	(7, 1, 3, 'SUBPROJETO 13.1'),
	(8, 1, 3, 'SUBPROJETO 13.2'),
	(9, 1, 3, 'SUBPROJETO 13.3'),
	(10, 1, 3, 'SUBPROJETO 13.4'),
	(11, 1, 3, 'SUBPROJETO 13.5'),
	(12, 1, 3, 'SUBPROJETO 13.6'),
	(13, 1, 3, 'SUBPROJETO 13.7'),
	(14, 1, 4, 'SUBPROJETO 1'),
	(15, 1, 4, 'SUBPROJETO 5'),
	(16, 1, 4, 'SUBPROJETO 6'),
	(17, 1, 4, 'SUBPROJETO 9'),
	(18, 1, 4, 'SUBPROJETO 10'),
	(19, 1, 4, 'SUBPROJETO 20'),
	(20, 1, 4, 'SUBPROJETO 18.10'),
	(21, 1, 4, 'SUBPROJETO 22 (AÇÃO 4.20.1)'),
	(22, 1, 4, 'SUBPROJETO 22 (AÇÃO 4.20.2)'),
	(23, 1, 4, 'SUBPROJETO 22 (AÇÃO 4.20.3)'),
	(24, 1, 1, 'SUBPROJETO 2'),
	(25, 1, 1, 'SUBPROJETO 4.1'),
	(26, 1, 1, 'SUBPROJETO 4.2'),
	(27, 1, 1, 'SUBPROJETO 4.3'),
	(28, 1, 1, 'SUBPROJETO 4.4'),
	(29, 1, 1, 'SUBPROJETO 4.5'),
	(30, 1, 1, 'SUBPROJETO 5.1'),
	(31, 1, 1, 'SUBPROJETO 5.2'),
	(32, 1, 1, 'SUBPROJETO 6'),
	(33, 1, 1, 'SUBPROJETO 7'),
	(34, 1, 1, 'SUBPROJETO 12'),
	(35, 1, 1, 'SUBPROJETO 13'),
	(36, 1, 1, 'SUBPROJETO 16'),
	(37, 1, 1, 'SUBPROJETO 17.1'),
	(38, 1, 1, 'SUBPROJETO 17.2'),
	(39, 1, 1, 'SUBPROJETO 17.3'),
	(40, 1, 1, 'SUBPROJETO 17.4'),
	(41, 1, 1, 'SUBPROJETO 17.5'),
	(42, 1, 1, 'SUBPROJETO 17.6'),
	(43, 1, 1, 'SUBPROJETO 17.7'),
	(44, 1, 1, 'SUBPROJETO 17.8');


INSERT INTO repositorio_autor (id, lattes_id, ativo, nome) VALUES
	(1, null, 1, 'ADIVANE MORAIS NOGUEIRA'),
	(2, null, 1, 'ADIVANE NOGUEIRA'),
	(3, null, 1, 'ADRIÁ BRAUN VIEIRA'),
	(4, null, 1, 'ADRIANA MARIA COIMBRA HORBE'),
	(5, null, 1, 'AFFONSO CELSO GONÇALVES JÚNIOR'),
	(6, null, 1, 'AFFONSO CELSO GONÇALVEZ JÚNIOR'),
	(7, null, 1, 'AFONSO KEMPNER'),
	(8, null, 1, 'AIDVANE MORAES NOGUEIRA'),
	(9, null, 1, 'ALBERT DAVID DITCHFIEL'),
	(10, null, 1, 'ALBERT DAVID DITCHFIELD'),
	(11, null, 1, 'ALEJANDRO OCEGUERA FIGUEROA'),
	(12, null, 1, 'ALEXANDRE LOBO'),
	(13, null, 1, 'ALICIA HELENA SOUZA RODRIGUES FERREIRA'),
	(14, null, 1, 'ALLINE SOUZA PULCINI'),
	(15, null, 1, 'ALLYSSON MOURA LUZ'),
	(16, null, 1, 'AMANDA CECÍLIA NEUHAUSS AGUIAR'),
	(17, null, 1, 'AMANDA JANAÍNA GONSATTI FEITOSA'),
	(18, null, 1, 'ANA ANTUNES'),
	(19, null, 1, 'ANA B. ALENCASTRE SANTOS'),
	(20, null, 1, 'ANA BEATRIZ ALENCASTRE DOS SANTOS'),
	(21, null, 1, 'ANA BEATRIZ ALENCASTRE SANTOS'),
	(22, null, 1, 'ANA CAMILA DA SILVA'),
	(23, null, 1, 'ANA ELIZA MEDEIROS CÂNDIDO'),
	(24, null, 1, 'ANA FLÁVIA LEÃO'),
	(25, null, 1, 'ANA KAROLINA SANTOS SILVA'),
	(26, null, 1, 'ANA MARIA LEAL ZANCHET'),
	(27, null, 1, 'ANANDA ANDRADE CORDOVIL'),
	(28, null, 1, 'ANDRÉ CARLOS SILVA'),
	(29, null, 1, 'ANDRÉ DA SILVA TAVARES'),
	(30, null, 1, 'ANDRÉ DE SOUZA AVELAR'),
	(31, null, 1, 'ANDRÉ GOMIDE VASCONCELOS'),
	(32, null, 1, 'ANDRÉ LUÍS BRASIL CAVALCANTE'),
	(33, null, 1, 'ANDRÉ OLIVEIRA SAWAKUCHI'),
	(34, null, 1, 'ANDRÉ SILVA TAVARES'),
	(35, null, 1, 'ANDRÉ SILVE TAVARES'),
	(36, null, 1, 'ANDRÉ TAVARES'),
	(37, null, 1, 'ANDRÉIA ALMEIDA'),
	(38, null, 1, 'ANDRÉIA DE ALMEIDA'),
	(39, null, 1, 'ANGELE MARTINS'),
	(40, null, 1, 'ANNA CECILIA BATISTA MAIA'),
	(41, null, 1, 'ANNA SABRINA VIDAL DE SOUZA'),
	(42, null, 1, 'ANTONIEL FERNANDES'),
	(43, null, 1, 'ANTÔNIO D. BRESCOVIT'),
	(44, null, 1, 'ANTÔNIO WESLEY BARROS CAÇADOR'),
	(45, null, 1, 'APARECIDA CLÉBIA DA SILVA'),
	(46, null, 1, 'ARIANE DE SOUSA BRASIL'),
	(47, null, 1, 'AUGUSTO SARREIRO AULER'),
	(48, null, 1, 'ANTÔNIO CALAZANS REIS MIRANDA'),
	(49, null, 1, 'BÁRBARA COSTA'),
	(50, null, 1, 'BEATRIZ M. SANTOS'),
	(51, null, 1, 'BEATRIZ MARCELINO DOS SANTOS'),
	(52, null, 1, 'BENTO'),
	(53, null, 1, 'BRENDA ALMEIDA LIMA'),
	(54, null, 1, 'BRENDA K. GOMES ALMEIDA'),
	(55, null, 1, 'BRUNA NASCIMENTO DE OLIVEIRA'),
	(56, null, 1, 'BRUNO CAVALCANTE BELLINI'),
	(57, null, 1, 'BRUNO DA SILVA BRANDÃO GONÇALVES'),
	(58, null, 1, 'BRUNO E.TÁVORA'),
	(59, null, 1, 'CAIO CAVALCANTE DA SOUZA MOTA'),
	(60, null, 1, 'CAIO HENRIQUE ROCHA VASCONCELOS'),
	(61, null, 1, 'CAMILA DE OLIVEIRA CASTRO'),
	(62, null, 1, 'CAMILA S. OLIVEIRA'),
	(63, null, 1, 'CAMILA VOGT DOS SANTOS'),
	(64, null, 1, 'CAMILA VOGT DOS SANTOS LUANA DE SOUZA'),
	(65, null, 1, 'CARLOS GLEIDSON CAMPOS DA PURIFICAÇÃO'),
	(66, null, 1, 'CARLOS JOSÉ SOUSA PASSOS'),
	(67, null, 1, 'CARLOS MARIO LÓPEZ OROZCO'),
	(68, null, 1, 'CARLOS T. C. NASCIMENTO'),
	(69, null, 1, 'CARLOS TADEU CARVALHO DO NASCIMENTO'),
	(70, null, 1, 'CAROLINA TEIXEIRA PUPPIN GONÇALVES'),
	(71, null, 1, 'CAROLINE FERREIRA'),
	(72, null, 1, 'CAROLINE FERREIRA LIMA'),
	(73, null, 1, 'CECÍLIA DE SÁ'),
	(74, null, 1, 'CECÍLIA YUKI GOMES DE SÁ'),
	(75, null, 1, 'CELINE SILVA'),
	(76, null, 1, 'CÉSAR AUGUSTO MOREIRA'),
	(77, null, 1, 'CESAR VERISSIMO'),
	(78, null, 1, 'CHRISSANDRO ALMEIDA'),
	(79, null, 1, 'CHRISTIANO FERREIRA'),
	(80, null, 1, 'CÍCERO L. SILVA'),
	(81, null, 1, 'CLEBER CUNHA FIGUEREDO'),
	(82, null, 1, 'CLEUSA YOSHIKO NAGAMACHI'),
	(83, null, 1, 'CLUDIA REGINA SILVA'),
	(84, null, 1, 'CRISTIANE MOURA'),
	(85, null, 1, 'CRISTIANO FERNANDES FERREIRA'),
	(86, null, 1, 'ALLAN SILAS CALUX'),
	(87, null, 1, 'JOÃO MARCELO TEIXEIRA'),
	(88, null, 1, 'LUCIANA DE RESENDE ALT'),
	(89, null, 1, 'CRISTINA MARIA DE SOUZA MOTTA'),
	(90, null, 1, 'VITOR MARCOS AGUIAR DE MOURA'),
	(91, null, 1, 'CRISTOAL CONDON'),
	(92, null, 1, 'CRISTOBAL CONDORI'),
	(93, null, 1, 'DAIANE F. MACIEL'),
	(94, null, 1, 'DANDARA CALDEIRA'),
	(95, null, 1, 'DANDARA MARIA VITALINA DA SILVA CALDEIRA'),
	(96, null, 1, 'DANDARA MARIA VITALINA DASILVA CALDEIRA'),
	(97, null, 1, 'DANIEL REIS MAIOLINO DE MENDONÇA'),
	(98, null, 1, 'DANIEL DE STEFANO MENIN'),
	(99, null, 1, 'DANIELA DE MELO'),
	(100, null, 1, 'DANIELLE KATHARINE PETSCH'),
	(101, null, 1, 'DANIELLE R. G. RIBEIRO BRASIL'),
	(102, null, 1, 'DANILO OLIVEIRA RAMOS'),
	(103, null, 1, 'DAPHNE HELOISA DE FREITAS MUNIZ'),
	(104, null, 1, 'DARCY JOSÉ DOS SANTOS'),
	(105, null, 1, 'DARRYL GRANGER'),
	(106, null, 1, 'DAYANNE FERREIRA DOS SANTOS SIRQUEIRA'),
	(107, null, 1, 'FLÁVIO SILVA RAMOS'),
	(108, null, 1, 'DAYANA FERREIRA TORRES'),
	(109, null, 1, 'DEBORA MARINA BANDEIRA'),
	(110, null, 1, 'DENILSON MENDES DOS SANTOS'),
	(111, null, 1, 'DERMEVAL APARECIDO DO CARMO'),
	(112, null, 1, 'DIEGO DE MEDEIROS BENTO'),
	(113, null, 1, 'DIEGO RODRIGUES'),
	(114, null, 1, 'DOMINNYKES S. S. NEVES'),
	(115, null, 1, 'DRIELLY SOUZA RODRIGUES'),
	(116, null, 1, 'EDENILSON ROBERTO DO NASCIMENTO'),
	(117, null, 1, 'EDER BARBIER'),
	(118, null, 1, 'EDER S. BARBIER'),
	(119, null, 1, 'EDUARDA SILVA DE LIMA'),
	(120, null, 1, 'ELAINE MALOSSO'),
	(121, null, 1, 'ELIS R. FREIRE'),
	(122, null, 1, 'EMILLY FONSECA'),
	(123, null, 1, 'EMILY OLIVEIRA FONSECA'),
	(124, null, 1, 'ENRICO BERNARD'),
	(125, null, 1, 'ÉRICA MARTINS DE OLIVEIRA'),
	(126, null, 1, 'ERICK SABOIA'),
	(127, null, 1, 'EXIO LUIZ RUBBIOLI'),
	(128, null, 1, 'FABIANA GISELE DA SILVA PINTO'),
	(129, null, 1, 'FABIANO N. PUPIM'),
	(130, null, 1, 'FABIANO PEREIRA SANTOS'),
	(131, null, 1, 'FÁBIO ALEX CUSTÓDIO'),
	(132, null, 1, 'FABRÍCIA C. M. MOTA'),
	(133, null, 1, 'FELIPE BAIA RODRIGUES'),
	(134, null, 1, 'FERNANDA ALEXANDRE SILVA'),
	(135, null, 1, 'FERNANDA CARVALHO CALDEIRA'),
	(136, null, 1, 'FERNANDA LANDIM'),
	(137, null, 1, 'FERNANDO PACHECO RODRIGUES'),
	(138, null, 1, 'FERNANDO VERASSANI LAUREANO'),
	(139, null, 1, 'FREDERIC NGUYEN'),
	(140, null, 1, 'GABRIEL AUGUSTO SILVA VAZ'),
	(141, null, 1, 'GABRIEL LOURENÇO CARVALHO DE OLIVEIRA'),
	(142, null, 1, 'GABRIEL LUCAS DE FREITAS COSTA'),
	(143, null, 1, 'GABRIEL SANTOS DA SILVA'),
	(144, null, 1, 'GABRIELA DUARTE'),
	(145, null, 1, 'GAO QIANGSHAN'),
	(146, null, 1, 'GEOVANA DE OLIVEIRA'),
	(147, null, 1, 'GILSON ARGOLO'),
	(148, null, 1, 'GIOVANA GUTSTEIN GNATA'),
	(149, null, 1, 'GIOVANNA MONTICELLI CARDOSO'),
	(150, null, 1, 'GISELE CRISTINA SESSEGOLO'),
	(151, null, 1, 'GISELE SILVA'),
	(152, null, 1, 'GLEYCE DA SILVA MEDEIROS'),
	(153, null, 1, 'GLEYCE KELLY DOS SANTOS MELO'),
	(154, null, 1, 'GUILHERME CARVALHO PRADO'),
	(155, null, 1, 'GUILHERME OLIVEIRA'),
	(156, null, 1, 'GUILHERME ZAKAREWICZ DE AGUIAR'),
	(157, null, 1, 'GUSTAVO GRACIOLLI'),
	(158, null, 1, 'GUSTAVO LIMA URBIETA'),
	(159, null, 1, 'HANS BALDER HAVENITH'),
	(160, null, 1, 'HELENA SEIVANE'),
	(161, null, 1, 'HENRIQUE M. L CHAVES'),
	(162, null, 1, 'HENRIQUE MARINHO LEITE CHAVES'),
	(163, null, 1, 'HERNAN MARTINEZ CARVAJAL'),
	(164, null, 1, 'HERNÁN MARTINEZ CARVAJAL'),
	(165, null, 1, 'HUANG'),
	(166, null, 1, 'HUGO RODRIGUES DE ARAÚJO'),
	(167, null, 1, 'IGOR CIZAUKAS'),
	(168, null, 1, 'INSTITUTO BRASILEIRO DE DESENVOLVIMENTO'),
	(169, null, 1, 'ISABELA RESENDE'),
	(170, null, 1, 'PAULO HENRIQUE FERREIRA GALVÃO'),
	(171, null, 1, 'ÍTALO MOREIRA MARTINS'),
	(172, null, 1, 'LEDA ZOGBI'),
	(173, null, 1, 'IVAN BRAGA CAMPOS'),
	(174, null, 1, 'IVANKLIN SOARES CAMPOS FILHO'),
	(175, null, 1, 'IVO KARMANN'),
	(176, null, 1, 'JACKSON C. MEANS'),
	(177, null, 1, 'JADSON D. P. BEZERRA'),
	(178, null, 1, 'JADSON DIOGO PEREIRA BEZERRA'),
	(179, null, 1, 'JAMILY LORENA RAMOS DE LIMA'),
	(180, null, 1, 'JAQUELINE APARECIDA DE OLIVEIRA'),
	(181, null, 1, 'JAQUELINE APARECIDA OLIVEIRA'),
	(182, null, 1, 'JARBAS JORGE DE ALCANTARA'),
	(183, null, 1, 'JENNIFER B. DA SILVA'),
	(184, null, 1, 'JEREMIE GARNIEW'),
	(185, null, 1, 'JÉSSICA BARATA DA SILVA'),
	(186, null, 1, 'JÉSSICA ROSSET'),
	(187, null, 1, 'JÉSSICA RUSSEL'),
	(188, null, 1, 'JÉSSICA S. GALLO'),
	(189, null, 1, 'JESSICA SCAGLIONE GALLO'),
	(190, null, 1, 'JÉSSICA SCAGLIONE GALLO'),
	(191, null, 1, 'JIE DOU'),
	(192, null, 1, 'JOÃO BRACCINI'),
	(193, null, 1, 'JOÃO GABRIEL CAVALCANTE VIEIRA'),
	(194, null, 1, 'JOÃO LUCAS VITORIO RIBEIRO CARVALHO'),
	(195, null, 1, 'JOÃO PEDRO PINHEIRO FARIA'),
	(196, null, 1, 'JOÃO PEDRO SANTIAGO GOULART'),
	(197, null, 1, 'JOCY BRANDÃO CRUZ'),
	(198, null, 1, 'JOCY CRUZ'),
	(199, null, 1, 'JOENNY M. S. LIMA'),
	(200, null, 1, 'JOENNY MARIA DA SILVEIRA DE LIMA'),
	(201, null, 1, 'JOENNY MARIA DA SILVEIRA LIMA'),
	(202, null, 1, 'JONAS EDUARDO GALLÃO'),
	(203, null, 1, 'JORDANE NÓBREGA'),
	(204, null, 1, 'JORDANE P. NÓBREGA'),
	(205, null, 1, 'JORDANE PIMENTEL NÓBREGA'),
	(206, null, 1, 'JORGE DUARTE ROSÁRIO'),
	(207, null, 1, 'JOSÉ AUGUSTO PIRES BITENCOURT'),
	(208, null, 1, 'JOSÉ AUGUSTO PIRES BITTENCOURT'),
	(209, null, 1, 'JOSÉ CARLOS RIBEIRO REINO'),
	(210, null, 1, 'JOSÉ ELOI GUIMARÃES CAMPOS'),
	(211, null, 1, 'JOSÉ F. S.A PRAZERES'),
	(212, null, 1, 'JOSÉ FREDSON DA SILVA ALVES DOS PRAZERES'),
	(213, null, 1, 'JOSÉ GUSTAVO DA SILVA NUNES'),
	(214, null, 1, 'JOSÉ GUSTAVO NUNES'),
	(215, null, 1, 'JOSÉ NUNES'),
	(216, null, 1, 'JOSÉ PRAZERES'),
	(217, null, 1, 'JOSÉ RASSO FELIX GUIMARÃES'),
	(218, null, 1, 'JÚLIA BARBOSA GALO'),
	(219, null, 1, 'JÚLIA DE OLIVEIRA FRANÇA'),
	(220, null, 1, 'JULIA RANDOW'),
	(221, null, 1, 'JULIA RANDOW CAVALCANTI'),
	(222, null, 1, 'JULIANA DEO DIAS'),
	(223, null, 1, 'JULIO CESAR PIECZARKA'),
	(224, null, 1, 'JÚLIO FERREIRA DA COSTA NETO'),
	(225, null, 1, 'KALOYAN IVANOV'),
	(226, null, 1, 'KAREM F.SOUSA'),
	(227, null, 1, 'KARINA DIAS DA SILVA'),
	(228, null, 1, 'KENNED DA SILVA SOUSA'),
	(229, null, 1, 'KESLEY GADELHA FERREIRA'),
	(230, null, 1, 'KHURRAM ASLAM'),
	(231, null, 1, 'LAIS FURTADO OLICEIRA'),
	(232, null, 1, 'LAYANNE O. FERRO'),
	(233, null, 1, 'LEONARDO TORTORIELLO MESSIAS'),
	(234, null, 1, 'LEANDRA PEIXOTO NOLASCO SELOS'),
	(235, null, 1, 'LEANDRA ROSE PALHETA'),
	(236, null, 1, 'LEILA APARECIDA SOUZA'),
	(237, null, 1, 'LENIZE CALVÃO'),
	(238, null, 1, 'LEO LINKE FERREIRA'),
	(239, null, 1, 'LEONARDO CARREIRA TREVELIN'),
	(240, null, 1, 'LEONARDO CHAVE MENDES'),
	(241, null, 1, 'LEONARDO CHAVES MENDES'),
	(242, null, 1, 'LEONARDO FORTES VIEIRA'),
	(243, null, 1, 'LEONARDO MENDES'),
	(244, null, 1, 'LEONARDO SOUSA CARVALHO'),
	(245, null, 1, 'LETÍCIA AMARAL CARDOS0'),
	(246, null, 1, 'LETÍCIA L. CORREIA'),
	(247, null, 1, 'LETÍCIA LIMA CORREIA'),
	(248, null, 1, 'LETÍCIA LIMA CORREIA AND THIAGO VIEIRA'),
	(249, null, 1, 'LETÍCIA LIMA CORREIRA'),
	(250, null, 1, 'LIGIER MODESTO BRAGA'),
	(251, null, 1, 'LISANDRA  BENÍTEZ ÁLVAREZ'),
	(252, null, 1, 'LOPES FERREIRA'),
	(253, null, 1, 'LORENA S. MIRANDA'),
	(254, null, 1, 'LORENA SOUZA MIRANDA'),
	(255, null, 1, 'LOYRIANE MOURA SOUSA'),
	(256, null, 1, 'LOYRIANE MOURA SOUZA'),
	(257, null, 1, 'LUANA DE SOUZA'),
	(258, null, 1, 'LUCAS GUIMARÃES DE SOUZA'),
	(259, null, 1, 'LUCAS MENDES RABELO'),
	(260, null, 1, 'LUCAS PADOAN DE SÁ GODINHO'),
	(261, null, 1, 'LUCAS PEREIRA LEÃO'),
	(262, null, 1, 'LUCIANA DE MENDOONÇA GALVÃO'),
	(263, null, 1, 'LUCIANA LAIBE SANTOS SILVA'),
	(264, null, 1, 'LUCIANO A. F. OLIVIERA FILHO'),
	(265, null, 1, 'LUCIANO FARIA'),
	(266, null, 1, 'LUCIANO JOSÉ ALVARENGA'),
	(267, null, 1, 'LUCIANO SOARES DA CUNHA'),
	(268, null, 1, 'LÚCIO MAURO DOARES FRAGA'),
	(269, null, 1, 'LUCIO MAURO FRAGA'),
	(270, null, 1, 'LUDMILLA AGUIAR'),
	(271, null, 1, 'LUDMILLA M. S. AGUIAR'),
	(272, null, 1, 'LUDMILLA MOURA DE DOUZA AGUIAR'),
	(273, null, 1, 'LUDMILLA MOURA DE SOUZA AGUIAR'),
	(274, null, 1, 'LUIZ EDUARDO PANISSET TRAVASSOS'),
	(275, null, 1, 'LUIZ F. SALEMI'),
	(276, null, 1, 'LUIZ F.M. INIESTA'),
	(277, null, 1, 'MAURO DE OLIVEIRA NETO'),
	(278, null, 1, 'NEI ALVES GONDIM JÚNIOR'),
	(279, null, 1, 'LUIZA SANTOS REIS'),
	(280, null, 1, 'MAGALI G. GARCIA'),
	(281, null, 1, 'MAIARA BEATRIZ M. SILVA'),
	(282, null, 1, 'MAIARA BEATRIZ MENDES DA SILVA'),
	(283, null, 1, 'MAIARA ZONIN'),
	(284, null, 1, 'MANUELA FREIRA GALVÃO'),
	(285, null, 1, 'MAOLINO'),
	(286, null, 1, 'MARCELO TAYLOR DE LIMA'),
	(287, null, 1, 'MARCONI'),
	(288, null, 1, 'MARCONI SOUSA SILVA'),
	(289, null, 1, 'MARCONI SOUZA SILVA'),
	(290, null, 1, 'MARCOS MOREIRA'),
	(291, null, 1, 'MARCUS PAULO ALVES OLIVEIRA'),
	(292, null, 1, 'MARIA CATARINA MEGUMI KASUYA'),
	(293, null, 1, 'MARIA EDUARDA ALVES NUNES'),
	(294, null, 1, 'MARIA ELINA BICHUETTE'),
	(295, null, 1, 'MARIA FERNANDA ARAÚJO'),
	(296, null, 1, 'MARIA IDALETE LOPES SILVA'),
	(297, null, 1, 'MARIA RITA FONSECA'),
	(298, null, 1, 'MARIA RITA SO. FONSECA'),
	(299, null, 1, 'MARIA RITA SOUZA FONSECA'),
	(300, null, 1, 'MARINA VENDRAMINI RODRIGUES PEREIRA'),
	(301, null, 1, 'MÁRIO B. B. SIQUEIRA'),
	(302, null, 1, 'MARTA RIUTORT'),
	(303, null, 1, 'MARTIN CARDENAS SOTO'),
	(304, null, 1, 'MARTÍN CÁRDENAS SOTO'),
	(305, null, 1, 'MATHEUS FERNANDES'),
	(306, null, 1, 'MATHEUS HENRIQUE SIMÕES'),
	(307, null, 1, 'MATHEUS SANTIAGO VIEIRA'),
	(308, null, 1, 'MAURÍCIO CARLOS MARTINS DE ANDRADE'),
	(309, null, 1, 'MAURO GOMES'),
	(310, null, 1, 'MAYARA MARIA DE SOUZA'),
	(311, null, 1, 'MAYARA MARINA DE SOUZA'),
	(312, null, 1, 'MAYARA PEREIRA'),
	(313, null, 1, 'MEDEIROS BENTO'),
	(314, null, 1, 'MICHELINE CARVALHO SILVA'),
	(315, null, 1, 'MILENA LIMA'),
	(316, null, 1, 'NARJARA TÉRCIA PIMENTAL'),
	(317, null, 1, 'NATHALIA KALUANA RODRIGUES DA COSTA'),
	(318, null, 1, 'NATHAN SILVA'),
	(319, null, 1, 'NELSON BAPTISTA DE O. R. COSTA'),
	(320, null, 1, 'NELSON PADRON SANCHEZ'),
	(321, null, 1, 'OLAVO AMANCIO DE OLIVEIRA'),
	(322, null, 1, 'OLINTO LIPARINI PEREIRA'),
	(323, null, 1, 'OLITNO LIPARINI PEREIRA'),
	(324, null, 1, 'OLITON LIPARINI PEREIRA'),
	(325, null, 1, 'OMAR HAMZA'),
	(326, null, 1, 'ORIGILENE BEZERRA DANTAS'),
	(327, null, 1, 'PAMELA SILVEIRA COSTA'),
	(328, null, 1, 'PAMELLA MOURA'),
	(329, null, 1, 'PAOLLA GABRYELLE CAVALCANTE DE SOUZA'),
	(330, null, 1, 'PAULA CABRAL ETEROVICK'),
	(331, null, 1, 'PAULO CÉSAR REIS VENÂNCIO'),
	(332, null, 1, 'PAULO DE MARCO JR'),
	(333, null, 1, 'PAULO DE MARCO JÚNIOR'),
	(334, null, 1, 'PAULO DE OLIVEIRA'),
	(335, null, 1, 'PAULO EDUARDO AGUIAR SARAIVA CÂMARA'),
	(336, null, 1, 'PAULO EDUARDO DE OLIVEIRA'),
	(337, null, 1, 'PAULO EDUARDO SANTOS LIMA'),
	(338, null, 1, 'PAULO ENRIQUE CARDOSO PEIXOTO'),
	(339, null, 1, 'PAULO HENRIQUE ROSADO ARENAS'),
	(340, null, 1, 'PEDRO EDSON FACE MOURA'),
	(341, null, 1, 'PEDRO G. L. SILVA'),
	(342, null, 1, 'PEDRO GABRIEL L. SILVA'),
	(343, null, 1, 'PEDRO GABRIEL L. SILVA ET AL.'),
	(344, null, 1, 'PEDRO H. F. DE OLIVEIRA'),
	(345, null, 1, 'PEDRO H.F. OLIVEIRA'),
	(346, null, 1, 'PEDRO HENRIQUE ASSUNÇÃO'),
	(347, null, 1, 'PEDRO HENRIQUE FÉLIX DE OLIVEIRA'),
	(348, null, 1, 'PEDRO HENRIQUE MENDES CARVALHO'),
	(349, null, 1, 'PEDRO RODRIGUES BUSANA'),
	(350, null, 1, 'PEDRO T. S. NOGUEIRA ET AL.'),
	(351, null, 1, 'PRISCILA EMANUELA DE SOUZA'),
	(352, null, 1, 'QIANG YAO'),
	(353, null, 1, 'QIANGSHAN GAO'),
	(354, null, 1, 'RAFAEL COSTA CARDOSO'),
	(355, null, 1, 'RAFAEL DOS SANTO SCHERES'),
	(356, null, 1, 'RAFAEL DOS SANTOS SCHERER'),
	(357, null, 1, 'RAFAEL SCHERER'),
	(358, null, 1, 'RAFAELA ALVES DE LIRA'),
	(359, null, 1, 'RAFAELA BASTOS PEREIRA'),
	(360, null, 1, 'RAFAELA J.R. ALEXANDRE'),
	(361, null, 1, 'RAFAELA JEMELY RODRIGUES ALEXANDRE'),
	(362, null, 1, 'RAMERSON LUCAS FERREIRA AZEVEDO'),
	(363, null, 1, 'RAONI JAPIASSU MERISSE'),
	(364, null, 1, 'RAPHAEL PARRA'),
	(365, null, 1, 'RAQUEL FARIA SCALCO'),
	(366, null, 1, 'REGIANNE KELLY MOREIRA DA SILVA'),
	(367, null, 1, 'REJANE ENNES CICERELLI'),
	(368, null, 1, 'RENAN DO NASCIMENTO BARBOSA'),
	(369, null, 1, 'RENAN N. BARBOSA'),
	(370, null, 1, 'RENAN SMITH LOUZADA'),
	(371, null, 1, 'RENATA S. MOMOLI'),
	(372, null, 1, 'RENATA SANTOS MOMOLI'),
	(373, null, 1, 'RENATO F.F. FRANCO'),
	(374, null, 1, 'RENATO PRADO'),
	(375, null, 1, 'RIANDRA FREITAS VAREJÃO'),
	(376, null, 1, 'RICARDO BORJA ARRIETA'),
	(377, null, 1, 'RICARDO GALENO FRAGA DE ARAÚJO PEREIRA'),
	(378, null, 1, 'RODRIGO'),
	(379, null, 1, 'RODRIGO ANTONIO CASTRO SOUZA'),
	(380, null, 1, 'RODRIGO ANTÔNIO CASTRO SOUZA'),
	(381, null, 1, 'RODRIGO CINTRA DA COSTA'),
	(382, null, 1, 'RODRIGO LOPES FERREIRA'),
	(383, null, 1, 'RODRIGO S. BOUZAN'),
	(384, null, 1, 'RODRIGUES LOPES FERREIRA'),
	(385, null, 1, 'ROGER F. R. MELO'),
	(386, null, 1, 'ROGER FAGNER RIBEIRO MELLO'),
	(387, null, 1, 'ROGÉRIA UAGODA'),
	(388, null, 1, 'ROGÉRIO E. S. UAGODA'),
	(389, null, 1, 'ROGÉRIO ELIAS SOARES UAGODA'),
	(390, null, 1, 'ROGÉRIO ELIS SOARES UAGODA'),
	(391, null, 1, 'ROGÉRIO SOARES UAGODA'),
	(392, null, 1, 'ROGERIO UAGODA'),
	(393, null, 1, 'ROGÉRIO UAGODA'),
	(394, null, 1, 'ROGÉRIOS E. S. UAGODA'),
	(395, null, 1, 'ROGEW F. R. MELO'),
	(396, null, 1, 'RONALD SLUYS'),
	(397, null, 1, 'RONALDO LUIZ MINCATO'),
	(398, null, 1, 'RUBSON PINHEIRO MAIA'),
	(399, null, 1, 'SABRINA ALVES DA SILVA'),
	(400, null, 1, 'SALU COELHO DA SILVA'),
	(401, null, 1, 'SALVATORE MARTINO'),
	(402, null, 1, 'SAMANTHA VALENTE DIAS'),
	(403, null, 1, 'SAMILA NERES FARIAS DA SILVA'),
	(404, null, 1, 'SANDRO RAPHAEL BORGES'),
	(405, null, 1, 'SANTELMO VASCONCELOS'),
	(406, null, 1, 'SELMA R. MAGGIOTTO'),
	(407, null, 1, 'SERGIO KOIDE'),
	(408, null, 1, 'SERGIO MAIA QUEIROZ LIMA'),
	(409, null, 1, 'SÉRGIO MAIA QUEIROZ LIMA'),
	(410, null, 1, 'SÉRIGO KOIDE.'),
	(411, null, 1, 'SIMONE ALBINO PAES'),
	(412, null, 1, 'SIMONE ALMEIDA PENA'),
	(413, null, 1, 'SIMONE NUNES FONSECA'),
	(414, null, 1, 'SORAYA DE CARVALHO NEVES'),
	(415, null, 1, 'SOUZA SILVA'),
	(416, null, 1, 'SUSANNE MACIEL'),
	(417, null, 1, 'SUSTENTABILIDADE (IABS)'),
	(418, null, 1, 'TARSILA CARVALHO DE JESUS'),
	(419, null, 1, 'TÁSSIA RAYANE FERREIRA CHAGAS'),
	(420, null, 1, 'TATIANE M. DA SILVA'),
	(421, null, 1, 'THADEU SOBRAL SOUZA'),
	(422, null, 1, 'THAÍS GIOVANNI PELEGRINI'),
	(423, null, 1, 'THAMYRES OLIVEIRA DOS SANTOS'),
	(424, null, 1, 'THAYSE CRISTINE MELO BENATHAR'),
	(425, null, 1, 'THIADO DE OLIVEIRA CONDÉ'),
	(426, null, 1, 'CARLOS FREDERICO DE SOUZA LOTT'),
	(427, null, 1, 'LUCIANO EMERICH FARIA'),
	(428, null, 1, 'FÁBIO AZEVEDO KHALED ABDEL RAHMAN'),
	(429, null, 1, 'THIAGO BERNARDI VIEIRA'),
	(430, null, 1, 'THIAGO CARVALHO'),
	(431, null, 1, 'THIAGO DE OLIVEIRA CONDÉ'),
	(432, null, 1, 'THIAGO OLIVEIRA CONDÉ'),
	(433, null, 1, 'TIAGO B.KISAKA'),
	(434, null, 1, 'TIAGO CASTRO SILVA'),
	(435, null, 1, 'TIAGO VILAÇA BASTOS'),
	(436, null, 1, 'TOM DIAS MOTTA MORITA'),
	(437, null, 1, 'TONY VINÍCIUS MOREIRA SAMPAIO'),
	(438, null, 1, 'ULISSES RIGATTO ALBINO'),
	(439, null, 1, 'ÚRSULA DE AZEVEDO RUCHKYS'),
	(440, null, 1, 'VALERIA DA CUNHA TAVARES'),
	(441, null, 1, 'VELIBOR SPALEVIC'),
	(442, null, 1, 'VICTORIA B. BARROS'),
	(443, null, 1, 'VITOR GABRIEL PEREIRA JUNTA'),
	(444, null, 1, 'VITORIA CRISTINA SANTIAGO ALVES'),
	(445, null, 1, 'VITÓRIA ELIZ DOS SANTOS MELO'),
	(446, null, 1, 'VITÓRIA SANTIAGO'),
	(447, null, 1, 'WELITOM BORGES'),
	(448, null, 1, 'WELITOM RODRIGUES'),
	(449, null, 1, 'WELITOM RODRIGUES BORGES'),
	(450, null, 1, 'YAWAR HUSSAIN'),
	(451, null, 1, 'YAWAR HUSSAIN HERNAN MARTINEZ CARVAJAL'),
	(452, null, 1, 'ÉZIO LUIZ RUBBIOLI'),
	(453, null, 1, 'FRANCISCO WILLIAN DA CRUZ JÚNIOR'),
	(454, null, 1, 'ALEXANDRE BONESSO SAMPAIO'),
	(455, null, 1, 'ZACARIAS TARGINO DE FREITAS NETO'),
	(456, null, 1, 'YESENIA M. CARPIO DIAZ'),
	(457, null, 1, 'ZENEIDE DAMIÃO DA SILVA');


INSERT INTO repositorio_tag (id, nome, ativo) VALUES
	(1, 'ACERVO', 1),
	(2, 'APANRV', 1),
	(3, 'AQUÁTICO', 1),
	(4, 'ARTHROPODA', 1),
	(5, 'BAT CAVES', 1),
	(6, 'BIOACÚSTICA', 1),
	(7, 'BRASIL', 1),
	(8, 'CADASTRO', 1),
	(9, 'CANIE', 1),
	(10, 'CARACTERIZAÇÃO', 1),
	(11, 'CARAJÁS', 1),
	(12, 'CARBONÁTICA', 1),
	(13, 'CARSTE', 1),
	(14, 'CHIROPTERA', 1),
	(15, 'CLPI', 1),
	(16, 'CNC', 1),
	(17, 'COMUNIDADE', 1),
	(18, 'CONFINAMENTO', 1),
	(19, 'CONGRESSO', 1),
	(20, 'CONSERVAÇÃO', 1),
	(21, 'CORAL', 1),
	(22, 'DISPERSÃO', 1),
	(23, 'DISTRIBUIÇÃO', 1),
	(24, 'ECOLOGIA', 1),
	(25, 'ECOSSISTEMA', 1),
	(26, 'EDITAL', 1),
	(27, 'EDTAL', 1),
	(28, 'EDUCOMUNICAÇÃO', 1),
	(29, 'ENDURO', 1),
	(30, 'ESCURIDÃO', 1),
	(31, 'ESPELEOFOTOGRAFIA', 1),
	(32, 'ESPELEOLOGIA', 1),
	(33, 'ESPELEOTURISMO', 1),
	(34, 'ESPELOMETRIA', 1),
	(35, 'ESPINHAÇO', 1),
	(36, 'EVOLUÇÃO', 1),
	(37, 'EXPLORAÇÃO', 1),
	(38, 'EXPOSIÇÃO', 1),
	(39, 'FERRÍFERAS', 1),
	(40, 'FERRUGINOSAS', 1),
	(41, 'FILOGEOGRAFIA', 1),
	(42, 'FLUXO', 1),
	(43, 'FOTOGRAFIA', 1),
	(44, 'GENÉTICA', 1),
	(45, 'GEOCONSERVAÇÃO', 1),
	(46, 'GEODIVERSIDADE', 1),
	(47, 'GEOECOLOGIA', 1),
	(48, 'GEOQUÍMICA', 1),
	(49, 'GOMORFOLOGIA', 1),
	(50, 'GRÁFICO', 1),
	(51, 'GRAVAÇÃO', 1),
	(52, 'HABITAT', 1),
	(53, 'HIDROLOGIA', 1),
	(54, 'HISTÓRIA', 1),
	(55, 'IGARAPÉS', 1),
	(56, 'IMPACTO', 1),
	(57, 'INDÍGENA', 1),
	(58, 'INFORMAÇÕES', 1),
	(59, 'INSETO', 1),
	(60, 'INVENTÁRIO', 1),
	(61, 'INVERTEBRADOS', 1),
	(62, 'IPHONE', 1),
	(63, 'ISÓTOPOS', 1),
	(64, 'LAJEDO', 1),
	(65, 'LEGISLAÇÃO', 1),
	(66, 'LUZES', 1),
	(67, 'MAPEAMENTO', 1),
	(68, 'MECANISMO', 1),
	(69, 'METABARCODIN', 1),
	(70, 'MICOLOGIA', 1),
	(71, 'MODELAGEM', 1),
	(72, 'MORCEGOS', 1),
	(73, 'MUSEU', 1),
	(74, 'NEOTROPICAIS', 1),
	(75, 'PAISAGEM', 1),
	(76, 'PALEOCLIMA', 1),
	(77, 'PASTAGEM', 1),
	(78, 'PATRIMÔNIO', 1),
	(79, 'PERUAÇU', 1),
	(80, 'PESQUISA', 1),
	(81, 'PRIORITÁRIA', 1),
	(82, 'PROSPECÇÃO', 1),
	(83, 'RECONSTRUÇÃO', 1),
	(84, 'RECUPERAÇÃO', 1),
	(85, 'REEF', 1),
	(86, 'REFORMA', 1),
	(87, 'RESTAURAÇÃO', 1),
	(88, 'REUNIÃO', 1),
	(89, 'SBE', 1),
	(90, 'SBEQ', 1),
	(91, 'SEMINÁRIO', 1),
	(92, 'SOFTWARE', 1),
	(93, 'SUBAQUÁTICAS', 1),
	(94, 'SUBMARINAS', 1),
	(95, 'TAXONÔMIA', 1),
	(96, 'TÉCNICO', 1),
	(97, 'TÉRMICO', 1),
	(98, 'TOPOGRAFIA', 1),
	(99, 'TRAÇADORES', 1),
	(100, 'TRADICIONAIS', 1),
	(101, 'VERTEBRADO', 1),
	(102, 'VISITANTE', 1),
    (103, 'CONGRESSO ESPELEOLOGIA', 1);


INSERT INTO repositorio_tipodocumento (id, nome, ativo) VALUES
	(1, 'LIVROS', 1),
	(2, 'VÍDEOS', 1),
	(3, 'RELATÓRIO TÉCNICO FINAL', 1),
	(4, 'DOCUMENTOS TÉCNICOS', 1),
	(5, 'PUBLICAÇÃO CIENTÍFICA (ARTIGOS)', 1),
	(6, 'PUBLICAÇÃO CIENTÍFICA (TRABALHOS ACADÊMICOS)', 1),
	(7, 'MATERIAL EDUCATIVO (CARTILHA)', 1),
	(8, 'MATERIAL EDUCATIVO (PÔSTER/FOLDER)', 1),
	(9, 'MATERIAL EDUCATIVO (OUTROS)', 1);


INSERT INTO repositorio_areatematica (id, nome, ativo) VALUES
	(1, 'MEIO FÍSICO', 1),
	(2, 'MEIO BIÓTICO', 1),
	(3, 'OUTROS', 1);


INSERT INTO repositorio_status (id, nome, ativo, is_public) VALUES
	(1, 'PUBLICADO', 1, 1),
	(2, 'PRODUZIDO', 1, 1);


INSERT INTO repositorio_tipopublicacao (id, nome, ativo) VALUES
	(1, 'ARQUIVO PDF', 1),
	(2, 'OUTRO TIPO DE ARQUIVO', 1),
	(3, 'LINK WEB PAGE', 1),
	(4, 'LINK ARQUIVO', 1),
	(5, 'LINK VIDEO', 1);
